{
  "criteria": {
    "defeat_leader_vega": {
      "conditions": {
        "count": 1,
        "entity": {
          "type": null
        },
        "trainer_ids": [
          "leader_vega_05ab"
        ],
        "trainer_type": null
      },
      "trigger": "rctmod:defeat_count"
    }
  },
  "display": {
    "announce_to_chat": true,
    "background": null,
    "description": {
      "translate": "advancements.rctmod.defeat_leader_vega.description"
    },
    "frame": "goal",
    "hidden": false,
    "icon": {
      "id": "cobblemonpokemonbadges:fog_badge"
    },
    "show_toast": true,
    "title": {
      "translate": "advancements.rctmod.defeat_leader_vega.title"
    }
  },
  "parent": "rctmod:trainers/defeat_shadow_admin_marlon_grunt",
  "requirements": [
    [
      "defeat_leader_vega"
    ]
  ]
}