{
  "criteria": {
    "defeat_leader_clair": {
      "conditions": {
        "count": 1,
        "entity": {
          "type": null
        },
        "trainer_ids": [
          "leader_clair_004a"
        ],
        "trainer_type": null
      },
      "trigger": "rctmod:defeat_count"
    }
  },
  "display": {
    "announce_to_chat": true,
    "background": null,
    "description": {
      "translate": "advancements.rctmod.defeat_leader_clair.description"
    },
    "frame": "goal",
    "hidden": false,
    "icon": {
      "id": "cobblemonpokemonbadges:rising_badge"
    },
    "show_toast": true,
    "title": {
      "translate": "advancements.rctmod.defeat_leader_clair.title"
    }
  },
  "parent": "rctmod:trainers/defeat_boss_giovanni_3",
  "requirements": [
    [
      "defeat_leader_clair"
    ]
  ]
}