{
    "type": "minecraft:crafting_shaped",
    "pattern": [
        "###",
        "@@/",
        "###"
    ],
    "key": {
        "#": [
            {
                "item": "minecraft:cobblestone"
            },
            {
                "item": "minecraft:granite"
            },
            {
                "item": "minecraft:andesite"
            },
            {
                "item": "minecraft:diorite"
            },
            {
                "item": "minecraft:tuff"
            },
            {
                "item": "minecraft:cobbled_deepslate"
            },
            {
                "item": "minecraft:end_stone"
            },
            {
                "item": "minecraft:blackstone"
            },
            {
                "item": "minecraft:netherrack"
            }
        ],
        "@": {
            "item": "minecraft:redstone"
        },
        "/": {
            "item": "minecraft:quartz"
        }
    },
    "result": {
        "item": "minecraft:observer",
        "count": 1
    }
  }