{
    "type": "minecraft:crafting_shaped",
    "pattern": [
        " @ ",
        "/#/",
        "###"
    ],
    "key": {
        "#": [
            {
                "item": "minecraft:obsidian"
            },
            {
                "item": "minecraft:crying_obsidian"
            }
        ],
        "/": {
            "item": "minecraft:diamond"
        },
        "@": {
            "item": "minecraft:book"
        }
    },
    "result": {
        "item": "minecraft:enchanting_table",
        "count": 1
    }
  }