{
    "type": "minecraft:crafting_shaped",
    "pattern": [
        "///",
        "#-#",
        "#@#"
    ],
    "key": {
        "#": [
            {
                "item": "minecraft:cobblestone"
            },
            {
                "item": "minecraft:granite"
            },
            {
                "item": "minecraft:andesite"
            },
            {
                "item": "minecraft:diorite"
            },
            {
                "item": "minecraft:tuff"
            },
            {
                "item": "minecraft:cobbled_deepslate"
            },
            {
                "item": "minecraft:end_stone"
            },
            {
                "item": "minecraft:blackstone"
            },
            {
                "item": "minecraft:netherrack"
            }
        ],
        "@": {
            "item": "minecraft:redstone"
        },
        "/": [
            {
                "item": "minecraft:oak_planks"
            },
            {
                "item": "minecraft:birch_planks"
            },
            {
                "item": "minecraft:acacia_planks"
            },
            {
                "item": "minecraft:bamboo_planks"
            },
            {
                "item": "minecraft:cherry_planks"
            },
            {
                "item": "minecraft:jungle_planks"
            },
            {
                "item": "minecraft:spruce_planks"
            },
            {
                "item": "minecraft:warped_planks"
            },
            {
                "item": "minecraft:crimson_planks"
            },
            {
                "item": "minecraft:dark_oak_planks"
            },
            {
                "item": "minecraft:mangrove_planks"
            }
        ]
    },
    "result": {
        "item": "minecraft:piston",
        "count": 1
    }
  }