{
    "type": "minecraft:crafting_shaped",
    "pattern": [
        " # ",
        "#/#",
        " # "
    ],
    "key": {
        "#": [
            {
                "item": "minecraft:glow_berries"
            },
            {
                "item": "minecraft:glow_ink_sac"
            },
            {
                "item": "glowstone_dust"
            }
        ],
        "/":{
            "item": "minecraft:arrow"
        }
    },
    "result": {
        "item": "minecraft:spectral_arrow",
        "count": 1
    }
  }