{
  "implemented": true,
  "nationalPokedexNumber": 605,
  "name": "Elgyem",
  "primaryType": "psychic",
  "maleRatio": 0.5,
  "height": 5,
  "weight": 90,
  "pokedex": [
    "cobblemon.species.elgyem.desc"
  ],
  "labels": [
    "gen5"
  ],
  "aspects": [],
  "abilities": [
    "telepathy",
    "synchronize",
    "h:analytic"
  ],
  "eggGroups": [
    "human_like"
  ],
  "baseStats": {
    "hp": 55,
    "attack": 55,
    "defence": 55,
    "special_attack": 85,
    "special_defence": 55,
    "speed": 30
  },
  "evYield": {
    "hp": 0,
    "attack": 0,
    "defence": 0,
    "special_attack": 1,
    "special_defence": 0,
    "speed": 0
  },
  "baseExperienceYield": 67,
  "experienceGroup": "medium_fast",
  "catchRate": 255,
  "eggCycles": 20,
  "baseFriendship": 50,
  "shoulderMountable": true,
  "baseScale": 0.7,
  "hitbox": {
    "width": 0.6,
    "height": 1.3,
    "fixed": false
  },
  "behaviour": {
    "resting": {
      "canSleep": true,
      "willSleepOnBed": true,
      "light": "0-4"
    }
  },
  "drops": {
    "amount": 3,
    "entries": [
      {
        "item": "minecraft:ender_pearl",
        "quantityRange": "1-2"
      },
      {
        "item": "cobblemon:light_clay",
        "percentage": 2.5
      },
      {
        "item": "cobblemon:colbur_berry",
        "percentage": 2.5
      }
    ]
  },
  "moves": [
    "1:confusion",
    "1:growl",
    "1:healblock",
    "1:miracleeye",
    "6:imprison",
    "12:teleport",
    "18:psybeam",
    "24:guardsplit",
    "24:powersplit",
    "30:headbutt",
    "36:zenheadbutt",
    "43:recover",
    "48:calmmind",
    "54:wonderroom",
    "60:psychic",
    "egg:astonish",
    "egg:barrier",
    "egg:destinybond",
    "egg:disable",
    "egg:psychup",
    "egg:simplebeam",
    "egg:synchronoise",
    "tm:afteryou",
    "tm:agility",
    "tm:allyswitch",
    "tm:calmmind",
    "tm:chargebeam",
    "tm:cosmicpower",
    "tm:darkpulse",
    "tm:dreameater",
    "tm:echoedvoice",
    "tm:embargo",
    "tm:endure",
    "tm:energyball",
    "tm:expandingforce",
    "tm:facade",
    "tm:flash",
    "tm:gravity",
    "tm:guardswap",
    "tm:headbutt",
    "tm:imprison",
    "tm:lightscreen",
    "tm:magiccoat",
    "tm:meteorbeam",
    "tm:nastyplot",
    "tm:painsplit",
    "tm:powerswap",
    "tm:protect",
    "tm:psybeam",
    "tm:psychic",
    "tm:psychup",
    "tm:psyshock",
    "tm:raindance",
    "tm:recycle",
    "tm:reflect",
    "tm:rest",
    "tm:rockslide",
    "tm:rocktomb",
    "tm:roleplay",
    "tm:safeguard",
    "tm:screech",
    "tm:shadowball",
    "tm:shockwave",
    "tm:signalbeam",
    "tm:skillswap",
    "tm:sleeptalk",
    "tm:snatch",
    "tm:steelwing",
    "tm:storedpower",
    "tm:substitute",
    "tm:telekinesis",
    "tm:terablast",
    "tm:thief",
    "tm:thunderbolt",
    "tm:thunderwave",
    "tm:trick",
    "tm:trickroom",
    "tm:uproar",
    "tm:wonderroom",
    "tm:zenheadbutt",
    "tutor:afteryou",
    "tutor:allyswitch",
    "tutor:block",
    "tutor:calmmind",
    "tutor:chargebeam",
    "tutor:darkpulse",
    "tutor:energyball",
    "tutor:expandingforce",
    "tutor:gravity",
    "tutor:magiccoat",
    "tutor:meteorbeam",
    "tutor:painsplit",
    "tutor:psychic",
    "tutor:recycle",
    "tutor:rest",
    "tutor:rockslide",
    "tutor:roleplay",
    "tutor:shadowball",
    "tutor:shockwave",
    "tutor:signalbeam",
    "tutor:skillswap",
    "tutor:sleeptalk",
    "tutor:snatch",
    "tutor:telekinesis",
    "tutor:thunderbolt",
    "tutor:trick",
    "tutor:uproar",
    "tutor:wonderroom",
    "tutor:zenheadbutt"
  ],
  "evolutions": [
    {
      "id": "elgyem_beheeyem",
      "variant": "level_up",
      "result": "beheeyem",
      "consumeHeldItem": false,
      "learnableMoves": [],
      "requirements": [
        {
          "variant": "level",
          "minLevel": 42
        }
      ]
    }
  ]
}