{
  "implemented": true,
  "nationalPokedexNumber": 561,
  "name": "Sigilyph",
  "primaryType": "psychic",
  "secondaryType": "flying",
  "maleRatio": 0.5,
  "height": 14,
  "weight": 140,
  "pokedex": [
    "cobblemon.species.sigilyph.desc"
  ],
  "labels": [
    "gen5"
  ],
  "aspects": [],
  "abilities": [
    "wonderskin",
    "magicguard",
    "h:tintedlens"
  ],
  "eggGroups": [
    "flying"
  ],
  "baseStats": {
    "hp": 72,
    "attack": 58,
    "defence": 80,
    "special_attack": 103,
    "special_defence": 80,
    "speed": 97
  },
  "evYield": {
    "hp": 0,
    "attack": 0,
    "defence": 0,
    "special_attack": 2,
    "special_defence": 0,
    "speed": 0
  },
  "baseExperienceYield": 172,
  "experienceGroup": "medium_fast",
  "catchRate": 45,
  "eggCycles": 20,
  "baseFriendship": 50,
  "baseScale": 1,
  "hitbox": {
    "width": 1,
    "height": 1,
    "fixed": false
  },
  "behaviour": {
    "moving": {
      "fly": {
        "canFly": true
      }
    },
    "resting": {
      "canSleep": true,
      "light": "0-4"
    }
  },
  "drops": {
    "amount": 3,
    "entries": [
      {
        "item": "minecraft:ender_pearl",
        "quantityRange": "1-2"
      },
      {
        "item": "cobblemon:light_clay",
        "percentage": 5.0
      },
      {
        "item": "cobblemon:colbur_berry",
        "percentage": 5.0
      }
    ]
  },
  "moves": [
    "1:gust",
    "1:miracleeye",
    "1:psywave",
    "1:synchronoise",
    "1:mirrormove",
    "1:confusion",
    "5:gravity",
    "10:hypnosis",
    "15:aircutter",
    "20:psybeam",
    "25:whirlwind",
    "30:cosmicpower",
    "35:airslash",
    "40:psychic",
    "45:tailwind",
    "50:lightscreen",
    "50:reflect",
    "55:skyattack",
    "60:skillswap",
    "egg:ancientpower",
    "egg:psychoshift",
    "egg:roost",
    "tm:aerialace",
    "tm:aircutter",
    "tm:airslash",
    "tm:ancientpower",
    "tm:calmmind",
    "tm:chargebeam",
    "tm:cosmicpower",
    "tm:darkpulse",
    "tm:dazzlinggleam",
    "tm:defog",
    "tm:dreameater",
    "tm:dualwingbeat",
    "tm:endure",
    "tm:energyball",
    "tm:expandingforce",
    "tm:facade",
    "tm:flash",
    "tm:flashcannon",
    "tm:fly",
    "tm:futuresight",
    "tm:gigaimpact",
    "tm:gravity",
    "tm:heatwave",
    "tm:hyperbeam",
    "tm:icebeam",
    "tm:icywind",
    "tm:imprison",
    "tm:lightscreen",
    "tm:magiccoat",
    "tm:magicroom",
    "tm:pluck",
    "tm:powerswap",
    "tm:protect",
    "tm:psybeam",
    "tm:psychic",
    "tm:psychocut",
    "tm:psychup",
    "tm:psyshock",
    "tm:raindance",
    "tm:reflect",
    "tm:rest",
    "tm:roost",
    "tm:safeguard",
    "tm:shadowball",
    "tm:shockwave",
    "tm:signalbeam",
    "tm:skillswap",
    "tm:skyattack",
    "tm:sleeptalk",
    "tm:smackdown",
    "tm:solarbeam",
    "tm:speedswap",
    "tm:steelwing",
    "tm:storedpower",
    "tm:substitute",
    "tm:swift",
    "tm:tailwind",
    "tm:telekinesis",
    "tm:terablast",
    "tm:thief",
    "tm:thunderwave",
    "tm:trick",
    "tm:trickroom",
    "tm:zenheadbutt",
    "tutor:aerialace",
    "tutor:aircutter",
    "tutor:ancientpower",
    "tutor:calmmind",
    "tutor:chargebeam",
    "tutor:darkpulse",
    "tutor:dazzlinggleam",
    "tutor:defog",
    "tutor:dualwingbeat",
    "tutor:energyball",
    "tutor:expandingforce",
    "tutor:flashcannon",
    "tutor:gigaimpact",
    "tutor:gravity",
    "tutor:heatwave",
    "tutor:hyperbeam",
    "tutor:icebeam",
    "tutor:icywind",
    "tutor:magiccoat",
    "tutor:magicroom",
    "tutor:psychic",
    "tutor:psychocut",
    "tutor:rest",
    "tutor:roost",
    "tutor:shadowball",
    "tutor:shockwave",
    "tutor:signalbeam",
    "tutor:skillswap",
    "tutor:skyattack",
    "tutor:sleeptalk",
    "tutor:swift",
    "tutor:tailwind",
    "tutor:telekinesis",
    "tutor:trick",
    "tutor:zenheadbutt"
  ],
  "evolutions": []
}