{
  "nationalPokedexNumber": 577,
  "name": "Solosis",
  "primaryType": "psychic",
  "maleRatio": 0.5,
  "height": 3,
  "weight": 10,
  "pokedex": [
    "cobblemon.species.solosis.desc"
  ],
  "labels": [
    "gen5"
  ],
  "aspects": [],
  "abilities": [
    "overcoat",
    "magicguard",
    "h:regenerator"
  ],
  "eggGroups": [
    "amorphous"
  ],
  "baseStats": {
    "hp": 45,
    "attack": 30,
    "defence": 40,
    "special_attack": 105,
    "special_defence": 50,
    "speed": 20
  },
  "evYield": {
    "hp": 0,
    "attack": 0,
    "defence": 0,
    "special_attack": 1,
    "special_defence": 0,
    "speed": 0
  },
  "baseExperienceYield": 58,
  "experienceGroup": "medium_slow",
  "catchRate": 200,
  "eggCycles": 20,
  "baseFriendship": 50,
  "baseScale": 1,
  "hitbox": {
    "width": 1,
    "height": 1,
    "fixed": false
  },
  "drops": {
    "amount": 2,
    "entries": [
      {
        "item": "minecraft:slime_ball",
        "quantityRange": "2-3"
      },
      {
        "item": "cobblemon:persim_berry",
        "percentage": 2.5
      }
    ]
  },
  "moves": [
    "1:psywave",
    "1:protect",
    "1:confusion",
    "4:recover",
    "8:endeavor",
    "12:psybeam",
    "16:charm",
    "20:psyshock",
    "24:reflect",
    "24:lightscreen",
    "28:allyswitch",
    "33:painsplit",
    "36:psychic",
    "40:skillswap",
    "44:futuresight",
    "48:wonderroom",
    "egg:acidarmor",
    "egg:astonish",
    "egg:confuseray",
    "egg:healblock",
    "egg:secretpower",
    "tm:afteryou",
    "tm:allyswitch",
    "tm:calmmind",
    "tm:charm",
    "tm:confuseray",
    "tm:dreameater",
    "tm:embargo",
    "tm:encore",
    "tm:endeavor",
    "tm:endure",
    "tm:energyball",
    "tm:expandingforce",
    "tm:explosion",
    "tm:facade",
    "tm:flash",
    "tm:flashcannon",
    "tm:futuresight",
    "tm:gravity",
    "tm:guardswap",
    "tm:gyroball",
    "tm:helpinghand",
    "tm:imprison",
    "tm:infestation",
    "tm:irondefense",
    "tm:lightscreen",
    "tm:magiccoat",
    "tm:nightshade",
    "tm:painsplit",
    "tm:powerswap",
    "tm:protect",
    "tm:psybeam",
    "tm:psychic",
    "tm:psychicterrain",
    "tm:psychup",
    "tm:psyshock",
    "tm:raindance",
    "tm:reflect",
    "tm:rest",
    "tm:rockslide",
    "tm:rocktomb",
    "tm:roleplay",
    "tm:rollout",
    "tm:safeguard",
    "tm:secretpower",
    "tm:shadowball",
    "tm:shockwave",
    "tm:signalbeam",
    "tm:skillswap",
    "tm:sleeptalk",
    "tm:snatch",
    "tm:steelroller",
    "tm:storedpower",
    "tm:substitute",
    "tm:sunnyday",
    "tm:swift",
    "tm:telekinesis",
    "tm:terablast",
    "tm:thunder",
    "tm:thunderwave",
    "tm:trick",
    "tm:trickroom",
    "tm:wonderroom",
    "tm:zenheadbutt",
    "tutor:afteryou",
    "tutor:allyswitch",
    "tutor:block",
    "tutor:calmmind",
    "tutor:endeavor",
    "tutor:energyball",
    "tutor:expandingforce",
    "tutor:flashcannon",
    "tutor:gravity",
    "tutor:helpinghand",
    "tutor:irondefense",
    "tutor:magiccoat",
    "tutor:painsplit",
    "tutor:psychic",
    "tutor:rest",
    "tutor:rockslide",
    "tutor:roleplay",
    "tutor:rollout",
    "tutor:shadowball",
    "tutor:shockwave",
    "tutor:signalbeam",
    "tutor:skillswap",
    "tutor:sleeptalk",
    "tutor:snatch",
    "tutor:steelroller",
    "tutor:swift",
    "tutor:telekinesis",
    "tutor:trick",
    "tutor:wonderroom",
    "tutor:zenheadbutt"
  ],
  "evolutions": [
    {
      "id": "solosis_duosion",
      "variant": "level_up",
      "result": "duosion",
      "consumeHeldItem": false,
      "learnableMoves": [],
      "requirements": [
        {
          "variant": "level",
          "minLevel": 32
        }
      ]
    }
  ]
}