{
  "nationalPokedexNumber": 602,
  "name": "Tynamo",
  "primaryType": "electric",
  "maleRatio": 0.5,
  "height": 2,
  "weight": 3,
  "pokedex": [
    "cobblemon.species.tynamo.desc"
  ],
  "labels": [
    "gen5"
  ],
  "aspects": [],
  "abilities": [
    "levitate",
    "h:levitate"
  ],
  "eggGroups": [
    "amorphous"
  ],
  "baseStats": {
    "hp": 35,
    "attack": 55,
    "defence": 40,
    "special_attack": 45,
    "special_defence": 40,
    "speed": 60
  },
  "evYield": {
    "hp": 0,
    "attack": 0,
    "defence": 0,
    "special_attack": 0,
    "special_defence": 0,
    "speed": 1
  },
  "baseExperienceYield": 55,
  "experienceGroup": "slow",
  "catchRate": 190,
  "eggCycles": 20,
  "baseFriendship": 50,
  "baseScale": 1,
  "hitbox": {
    "width": 1,
    "height": 1,
    "fixed": false
  },
  "behaviour": {
    "moving": {
      "swim": {
        "canBreatheUnderwater": true,
        "canSwimInWater": true
      },
      "fly": {
        "canFly": true
      }
    }
  },
  "drops": {
    "amount": 1,
    "entries": [
      {
        "item": "minecraft:slime_ball",
        "quantityRange": "2-3"
      }
    ]
  },
  "moves": [
    "1:tackle",
    "1:thunderwave",
    "1:spark",
    "1:chargebeam",
    "tm:charge",
    "tm:chargebeam",
    "tm:knockoff",
    "tm:magnetrise",
    "tm:risingvoltage",
    "tm:terablast",
    "tm:thunderwave",
    "tutor:chargebeam",
    "tutor:knockoff",
    "tutor:magnetrise",
    "tutor:risingvoltage"
  ],
  "evolutions": [
    {
      "id": "tynamo_eelektrik",
      "variant": "level_up",
      "result": "eelektrik",
      "consumeHeldItem": false,
      "learnableMoves": [
        "crunch"
      ],
      "requirements": [
        {
          "variant": "level",
          "minLevel": 39
        }
      ]
    }
  ]
}