{
  "type": "minecraft:crafting_shaped",
  "pattern": [
    "###",
    "# #",
    "###"
  ],
  "key": {
    "#": [
      {
        "item": "minecraft:cobblestone"
      },
      {
        "item": "minecraft:granite"
      },
      {
        "item": "minecraft:andesite"
      },
      {
        "item": "minecraft:diorite"
      },
      {
        "item": "minecraft:tuff"
      },
      {
        "item": "minecraft:cobbled_deepslate"
      },
      {
        "item": "minecraft:end_stone"
      },
      {
        "item": "minecraft:blackstone"
      },
      {
        "item": "minecraft:netherrack"
      }
    ]
  },
  "result": {
    "count": 1,
    "id": "minecraft:furnace"
  }
}
