{
    "enabled": true,
    "neededInstalledMods": [],
    "neededUninstalledMods": [],
    "spawns": [
        {
            "id": "forretress-1",
            "pokemon": "forretress",
            "presets": [
                "natural"
            ],
            "type": "pokemon",
            "context": "grounded",
            "bucket": "common",
            "level": "31-47",
            "weight": 1.0,
            "condition": {
                "minSkyLight": 8,
                "maxSkyLight": 15,
                "biomes": [
                    "#cobblemon:is_taiga"
                ]
            }
        },
        {
            "id": "forretress-shulker-2",
            "pokemon": "forretress shulker",
            "presets": [
                "natural",
                "end_city"
            ],
            "type": "pokemon",
            "context": "grounded",
            "bucket": "common",
            "level": "31-47",
            "weight": 100.0,
            "condition": {
                "biomes": [
                    "#cobblemon:is_end"
                ]
            },
            "drops": {
                "amount": 3,
                "entries": [
                    {
                        "item": "minecraft:shulker_shell",
                        "quantityRange": "1-2"
                    }
                ]
            }
        }
    ]
}