{
    "enabled": true,
    "neededInstalledMods": [],
    "neededUninstalledMods": [],
    "spawns": [
        {
            "id": "larvesta-1",
            "pokemon": "larvesta",
            "presets": [
                "natural",
                "desert_pyramid"
            ],
            "type": "pokemon",
            "context": "grounded",
            "bucket": "uncommon",
            "level": "11-36",
            "weight": 84.0,
            "condition": {
                "canSeeSky": false,
                "biomes": [
                    "#cobblemon:is_desert"
                ],
                "minY": 48
            }
        },
        {
            "id": "larvesta-2",
            "pokemon": "larvesta",
            "presets": [
                "natural",
                "jungle_pyramid"
            ],
            "type": "pokemon",
            "context": "grounded",
            "bucket": "uncommon",
            "level": "11-36",
            "weight": 84.0,
            "condition": {
                "canSeeSky": false,
                "biomes": [
                    "#cobblemon:is_jungle"
                ],
                "minY": 48
            }
        },
        {
            "id": "larvesta-3",
            "pokemon": "larvesta",
            "presets": [
                "natural",
                "treetop"
            ],
            "type": "pokemon",
            "context": "grounded",
            "bucket": "uncommon",
            "level": "11-36",
            "weight": 8.4,
            "condition": {
                "biomes": [
                    "#cobblemon:nether/is_crimson",
                    "#cobblemon:nether/is_forest"
                ]
            },
            "drops": {
                "amount": 4,
                "entries": [
                    {
                        "item": "minecraft:string",
                        "quantityRange": "0-1"
                    },
                    {
                        "item": "minecraft:blaze_powder",
                        "percentage": 45.0,
                        "quantityRange": "1-3"
                    },
                    {
                        "item": "cobblemon:silver_powder",
                        "percentage": 2.5
                    },
                    {
                        "item": "cobblemon:charti_berry",
                        "percentage": 2.5
                    }
                ]
            }
        },
        {
            "id": "larvesta-4",
            "pokemon": "larvesta",
            "type": "pokemon",
            "context": "grounded",
            "bucket": "uncommon",
            "level": "11-36",
            "weight": 9.0,
            "condition": {
                "minSkyLight": 0,
                "maxSkyLight": 7,
                "biomes": [
                    "#aether:is_aether"
                ],
                "structures": [
                    "#aether:dungeons"
                ]
            }
        }
    ]
}