{
  "nationalPokedexNumber": 326,
  "name": "Grumpig",
  "primaryType": "psychic",
  "maleRatio": 0.5,
  "height": 9,
  "weight": 715,
  "pokedex": [
    "cobblemon.species.grumpig.desc"
  ],
  "labels": [
    "gen3"
  ],
  "aspects": [],
  "abilities": [
    "thickfat",
    "owntempo",
    "h:gluttony"
  ],
  "eggGroups": [
    "field"
  ],
  "baseStats": {
    "hp": 80,
    "attack": 45,
    "defence": 65,
    "special_attack": 90,
    "special_defence": 110,
    "speed": 80
  },
  "evYield": {
    "hp": 0,
    "attack": 0,
    "defence": 0,
    "special_attack": 0,
    "special_defence": 2,
    "speed": 0
  },
  "baseExperienceYield": 165,
  "experienceGroup": "fast",
  "catchRate": 60,
  "eggCycles": 20,
  "baseFriendship": 50,
  "baseScale": 1,
  "hitbox": {
    "width": 1,
    "height": 1,
    "fixed": false
  },
  "drops": {
    "amount": 6,
    "entries": [
      {
        "item": "minecraft:porkchop",
        "quantityRange": "1-3"
      },
      {
        "item": "minecraft:ender_pearl",
        "quantityRange": "1-3"
      },
      {
        "item": "cobblemon:tanga_berry",
        "percentage": 5.0
      }
    ]
  },
  "moves": [
    "1:splash",
    "1:psywave",
    "1:odorsleuth",
    "1:psybeam",
    "1:teeterdance",
    "1:belch",
    "1:confusion",
    "1:growl",
    "18:psychup",
    "22:confuseray",
    "26:zenheadbutt",
    "29:powergem",
    "35:rest",
    "35:snore",
    "42:psyshock",
    "46:payback",
    "52:psychic",
    "60:bounce",
    "egg:amnesia",
    "egg:extrasensory",
    "egg:futuresight",
    "egg:luckychant",
    "egg:mirrorcoat",
    "egg:simplebeam",
    "egg:trick",
    "egg:whirlwind",
    "egg:zenheadbutt",
    "tm:allyswitch",
    "tm:amnesia",
    "tm:bodypress",
    "tm:bodyslam",
    "tm:bounce",
    "tm:brickbreak",
    "tm:bulldoze",
    "tm:calmmind",
    "tm:chargebeam",
    "tm:chillingwater",
    "tm:confuseray",
    "tm:covet",
    "tm:dazzlinggleam",
    "tm:dig",
    "tm:drainpunch",
    "tm:dreameater",
    "tm:earthpower",
    "tm:encore",
    "tm:endeavor",
    "tm:endure",
    "tm:energyball",
    "tm:expandingforce",
    "tm:facade",
    "tm:firepunch",
    "tm:flash",
    "tm:flashcannon",
    "tm:fling",
    "tm:focusblast",
    "tm:focuspunch",
    "tm:futuresight",
    "tm:gigaimpact",
    "tm:grassknot",
    "tm:headbutt",
    "tm:healbell",
    "tm:helpinghand",
    "tm:hyperbeam",
    "tm:hypervoice",
    "tm:icepunch",
    "tm:icywind",
    "tm:imprison",
    "tm:irontail",
    "tm:laserfocus",
    "tm:lightscreen",
    "tm:lowkick",
    "tm:lowsweep",
    "tm:lunge",
    "tm:magiccoat",
    "tm:megakick",
    "tm:megapunch",
    "tm:metronome",
    "tm:mudshot",
    "tm:mudslap",
    "tm:nastyplot",
    "tm:nightshade",
    "tm:payback",
    "tm:powergem",
    "tm:poweruppunch",
    "tm:protect",
    "tm:psybeam",
    "tm:psychic",
    "tm:psychicnoise",
    "tm:psychicterrain",
    "tm:psychup",
    "tm:psyshock",
    "tm:raindance",
    "tm:recycle",
    "tm:reflect",
    "tm:rest",
    "tm:roleplay",
    "tm:seedbomb",
    "tm:shadowball",
    "tm:shockwave",
    "tm:signalbeam",
    "tm:skillswap",
    "tm:sleeptalk",
    "tm:snarl",
    "tm:snatch",
    "tm:snore",
    "tm:snowscape",
    "tm:stompingtantrum",
    "tm:storedpower",
    "tm:substitute",
    "tm:sunnyday",
    "tm:swift",
    "tm:takedown",
    "tm:taunt",
    "tm:telekinesis",
    "tm:terablast",
    "tm:thief",
    "tm:thunderpunch",
    "tm:thunderwave",
    "tm:torment",
    "tm:trailblaze",
    "tm:trick",
    "tm:trickroom",
    "tm:uproar",
    "tm:zenheadbutt",
    "tutor:allyswitch",
    "tutor:bounce",
    "tutor:bulldoze",
    "tutor:calmmind",
    "tutor:chargebeam",
    "tutor:covet",
    "tutor:dazzlinggleam",
    "tutor:drainpunch",
    "tutor:earthpower",
    "tutor:endeavor",
    "tutor:energyball",
    "tutor:expandingforce",
    "tutor:firepunch",
    "tutor:flashcannon",
    "tutor:focuspunch",
    "tutor:gigaimpact",
    "tutor:healbell",
    "tutor:helpinghand",
    "tutor:hyperbeam",
    "tutor:hypervoice",
    "tutor:icepunch",
    "tutor:icywind",
    "tutor:irontail",
    "tutor:laserfocus",
    "tutor:lowkick",
    "tutor:magiccoat",
    "tutor:mudslap",
    "tutor:psychic",
    "tutor:recycle",
    "tutor:rest",
    "tutor:roleplay",
    "tutor:seedbomb",
    "tutor:shadowball",
    "tutor:shockwave",
    "tutor:signalbeam",
    "tutor:skillswap",
    "tutor:sleeptalk",
    "tutor:snarl",
    "tutor:snatch",
    "tutor:snore",
    "tutor:stompingtantrum",
    "tutor:swift",
    "tutor:telekinesis",
    "tutor:thunderpunch",
    "tutor:trick",
    "tutor:uproar",
    "tutor:zenheadbutt"
  ],
  "preEvolution": "spoink",
  "evolutions": []
}