{
  "implemented": true,
  "nationalPokedexNumber": 375,
  "name": "Metang",
  "primaryType": "steel",
  "secondaryType": "psychic",
  "maleRatio": -1,
  "height": 12,
  "weight": 2025,
  "pokedex": [
    "cobblemon.species.metang.desc"
  ],
  "labels": [
    "gen3"
  ],
  "aspects": [],
  "abilities": [
    "clearbody",
    "h:lightmetal"
  ],
  "eggGroups": [
    "mineral"
  ],
  "baseStats": {
    "hp": 60,
    "attack": 75,
    "defence": 100,
    "special_attack": 55,
    "special_defence": 80,
    "speed": 50
  },
  "evYield": {
    "hp": 0,
    "attack": 0,
    "defence": 2,
    "special_attack": 0,
    "special_defence": 0,
    "speed": 0
  },
  "baseExperienceYield": 147,
  "experienceGroup": "slow",
  "catchRate": 3,
  "eggCycles": 40,
  "baseFriendship": 35,
  "baseScale": 1,
  "hitbox": {
    "width": 1,
    "height": 1.2,
    "fixed": false
  },
  "behaviour": {
    "moving": {
      "fly": {
        "canFly": true
      },
      "swim": {
        "avoidsWater": true,
        "canSwimInWater": false
      }
    },
    "resting": {
      "canSleep": true,
      "light": "0-4"
    }
  },
  "drops": {
    "amount": 3,
    "entries": [
      {
        "item": "minecraft:ender_pearl",
        "quantityRange": "1-3"
      },
      {
        "item": "cobblemon:metal_coat",
        "percentage": 5.0
      }
    ]
  },
  "moves": [
    "1:metalclaw",
    "1:confusion",
    "1:pursuit",
    "1:bulletpunch",
    "1:miracleeye",
    "1:honeclaws",
    "1:tackle",
    "6:zenheadbutt",
    "12:magnetrise",
    "18:flashcannon",
    "26:takedown",
    "34:psychic",
    "42:scaryface",
    "50:meteormash",
    "58:irondefense",
    "66:agility",
    "74:hyperbeam",
    "tm:aerialace",
    "tm:agility",
    "tm:allyswitch",
    "tm:bodyslam",
    "tm:brickbreak",
    "tm:bulldoze",
    "tm:cosmicpower",
    "tm:cut",
    "tm:doubleedge",
    "tm:earthquake",
    "tm:endure",
    "tm:expandingforce",
    "tm:explosion",
    "tm:facade",
    "tm:flash",
    "tm:flashcannon",
    "tm:focuspunch",
    "tm:furycutter",
    "tm:futuresight",
    "tm:gigaimpact",
    "tm:grassknot",
    "tm:gravity",
    "tm:gyroball",
    "tm:hardpress",
    "tm:headbutt",
    "tm:heavyslam",
    "tm:honeclaws",
    "tm:hyperbeam",
    "tm:icepunch",
    "tm:icywind",
    "tm:irondefense",
    "tm:ironhead",
    "tm:lightscreen",
    "tm:magnetrise",
    "tm:metalclaw",
    "tm:meteorbeam",
    "tm:poweruppunch",
    "tm:protect",
    "tm:psychic",
    "tm:psychicnoise",
    "tm:psychocut",
    "tm:psychup",
    "tm:psyshock",
    "tm:raindance",
    "tm:reflect",
    "tm:rest",
    "tm:rockpolish",
    "tm:rockslide",
    "tm:rocksmash",
    "tm:rocktomb",
    "tm:rollout",
    "tm:sandstorm",
    "tm:scaryface",
    "tm:selfdestruct",
    "tm:shadowball",
    "tm:signalbeam",
    "tm:sleeptalk",
    "tm:sludgebomb",
    "tm:stealthrock",
    "tm:steelbeam",
    "tm:steelroller",
    "tm:strength",
    "tm:substitute",
    "tm:sunnyday",
    "tm:swift",
    "tm:takedown",
    "tm:telekinesis",
    "tm:terablast",
    "tm:thunderpunch",
    "tm:trailblaze",
    "tm:trick",
    "tm:zenheadbutt",
    "tutor:aerialace",
    "tutor:allyswitch",
    "tutor:bulldoze",
    "tutor:expandingforce",
    "tutor:flashcannon",
    "tutor:focuspunch",
    "tutor:furycutter",
    "tutor:gigaimpact",
    "tutor:gravity",
    "tutor:hyperbeam",
    "tutor:icepunch",
    "tutor:icywind",
    "tutor:irondefense",
    "tutor:ironhead",
    "tutor:magnetrise",
    "tutor:meteorbeam",
    "tutor:psychic",
    "tutor:psychocut",
    "tutor:rest",
    "tutor:rockslide",
    "tutor:rocksmash",
    "tutor:rollout",
    "tutor:shadowball",
    "tutor:signalbeam",
    "tutor:sleeptalk",
    "tutor:sludgebomb",
    "tutor:stealthrock",
    "tutor:steelbeam",
    "tutor:steelroller",
    "tutor:swift",
    "tutor:telekinesis",
    "tutor:thunderpunch",
    "tutor:trick",
    "tutor:zenheadbutt"
  ],
  "preEvolution": "beldum",
  "evolutions": [
    {
      "id": "metang_metagross",
      "variant": "level_up",
      "result": "metagross",
      "consumeHeldItem": false,
      "learnableMoves": [
        "hammerarm"
      ],
      "requirements": [
        {
          "variant": "level",
          "minLevel": 45
        }
      ]
    }
  ]
}