{
  "nationalPokedexNumber": 325,
  "name": "Spoink",
  "primaryType": "psychic",
  "maleRatio": 0.5,
  "height": 7,
  "weight": 306,
  "pokedex": [
    "cobblemon.species.spoink.desc"
  ],
  "labels": [
    "gen3"
  ],
  "aspects": [],
  "abilities": [
    "thickfat",
    "owntempo",
    "h:gluttony"
  ],
  "eggGroups": [
    "field"
  ],
  "baseStats": {
    "hp": 60,
    "attack": 25,
    "defence": 35,
    "special_attack": 70,
    "special_defence": 80,
    "speed": 60
  },
  "evYield": {
    "hp": 0,
    "attack": 0,
    "defence": 0,
    "special_attack": 0,
    "special_defence": 1,
    "speed": 0
  },
  "baseExperienceYield": 66,
  "experienceGroup": "fast",
  "catchRate": 255,
  "eggCycles": 20,
  "baseFriendship": 50,
  "baseScale": 1,
  "hitbox": {
    "width": 1,
    "height": 1,
    "fixed": false
  },
  "drops": {
    "amount": 4,
    "entries": [
      {
        "item": "minecraft:porkchop",
        "quantityRange": "1-2"
      },
      {
        "item": "minecraft:ender_pearl",
        "quantityRange": "1-2"
      },
      {
        "item": "cobblemon:tanga_berry",
        "percentage": 2.5
      }
    ]
  },
  "moves": [
    "1:splash",
    "1:psywave",
    "1:odorsleuth",
    "7:confusion",
    "10:growl",
    "14:psybeam",
    "18:psychup",
    "22:confuseray",
    "29:rest",
    "29:powergem",
    "33:snore",
    "38:psyshock",
    "40:payback",
    "44:psychic",
    "50:bounce",
    "egg:amnesia",
    "egg:extrasensory",
    "egg:futuresight",
    "egg:luckychant",
    "egg:mirrorcoat",
    "egg:simplebeam",
    "egg:trick",
    "egg:whirlwind",
    "egg:zenheadbutt",
    "tm:allyswitch",
    "tm:amnesia",
    "tm:bodyslam",
    "tm:bounce",
    "tm:calmmind",
    "tm:chargebeam",
    "tm:chillingwater",
    "tm:confuseray",
    "tm:covet",
    "tm:dazzlinggleam",
    "tm:dreameater",
    "tm:encore",
    "tm:endeavor",
    "tm:endure",
    "tm:expandingforce",
    "tm:facade",
    "tm:flash",
    "tm:flashcannon",
    "tm:futuresight",
    "tm:grassknot",
    "tm:headbutt",
    "tm:healbell",
    "tm:helpinghand",
    "tm:icywind",
    "tm:imprison",
    "tm:irontail",
    "tm:lightscreen",
    "tm:lunge",
    "tm:magiccoat",
    "tm:nightshade",
    "tm:payback",
    "tm:powergem",
    "tm:protect",
    "tm:psybeam",
    "tm:psychic",
    "tm:psychicterrain",
    "tm:psychup",
    "tm:psyshock",
    "tm:raindance",
    "tm:recycle",
    "tm:reflect",
    "tm:rest",
    "tm:roleplay",
    "tm:shadowball",
    "tm:shockwave",
    "tm:signalbeam",
    "tm:skillswap",
    "tm:sleeptalk",
    "tm:snarl",
    "tm:snatch",
    "tm:snore",
    "tm:snowscape",
    "tm:storedpower",
    "tm:substitute",
    "tm:sunnyday",
    "tm:swift",
    "tm:takedown",
    "tm:taunt",
    "tm:telekinesis",
    "tm:terablast",
    "tm:thief",
    "tm:thunderwave",
    "tm:torment",
    "tm:trailblaze",
    "tm:trick",
    "tm:trickroom",
    "tm:uproar",
    "tm:zenheadbutt",
    "tutor:allyswitch",
    "tutor:bounce",
    "tutor:calmmind",
    "tutor:chargebeam",
    "tutor:covet",
    "tutor:dazzlinggleam",
    "tutor:endeavor",
    "tutor:expandingforce",
    "tutor:flashcannon",
    "tutor:healbell",
    "tutor:helpinghand",
    "tutor:icywind",
    "tutor:irontail",
    "tutor:magiccoat",
    "tutor:psychic",
    "tutor:recycle",
    "tutor:rest",
    "tutor:roleplay",
    "tutor:shadowball",
    "tutor:shockwave",
    "tutor:signalbeam",
    "tutor:skillswap",
    "tutor:sleeptalk",
    "tutor:snarl",
    "tutor:snatch",
    "tutor:snore",
    "tutor:swift",
    "tutor:telekinesis",
    "tutor:trick",
    "tutor:uproar",
    "tutor:zenheadbutt"
  ],
  "evolutions": [
    {
      "id": "spoink_grumpig",
      "variant": "level_up",
      "result": "grumpig",
      "consumeHeldItem": false,
      "learnableMoves": [
        "teeterdance"
      ],
      "requirements": [
        {
          "variant": "level",
          "minLevel": 32
        }
      ]
    }
  ]
}