{
  "implemented": true,
  "nationalPokedexNumber": 277,
  "name": "Swellow",
  "primaryType": "normal",
  "secondaryType": "flying",
  "maleRatio": 0.5,
  "height": 7,
  "weight": 198,
  "pokedex": [
    "cobblemon.species.swellow.desc"
  ],
  "labels": [
    "gen3"
  ],
  "aspects": [],
  "abilities": [
    "guts",
    "h:scrappy"
  ],
  "eggGroups": [
    "flying"
  ],
  "baseStats": {
    "hp": 60,
    "attack": 85,
    "defence": 60,
    "special_attack": 75,
    "special_defence": 50,
    "speed": 125
  },
  "evYield": {
    "hp": 0,
    "attack": 0,
    "defence": 0,
    "special_attack": 0,
    "special_defence": 0,
    "speed": 2
  },
  "baseExperienceYield": 159,
  "experienceGroup": "medium_slow",
  "catchRate": 45,
  "eggCycles": 15,
  "baseFriendship": 50,
  "baseScale": 0.9,
  "hitbox": {
    "width": 0.7,
    "height": 1.2,
    "fixed": false
  },
  "behaviour": {
    "moving": {
      "fly": {
        "canFly": true
      }
    },
    "resting": {
      "canSleep": true,
      "light": "0-4"
    }
  },
  "drops": {
    "amount": 5,
    "entries": [
      {
        "item": "minecraft:wind_charge",
        "quantityRange": "2-4"
      },
      {
        "item": "minecraft:feather",
        "quantityRange": "0-2"
      },
      {
        "item": "minecraft:chicken"
      },
      {
        "item": "cobblemon:sharp_beak",
        "percentage": 2.5
      },
      {
        "item": "cobblemon:charti_berry",
        "percentage": 5.0
      }
    ]
  },
  "moves": [
    "1:pluck",
    "1:peck",
    "1:growl",
    "1:focusenergy",
    "1:quickattack",
    "1:airslash",
    "1:bravebird",
    "13:wingattack",
    "17:doubleteam",
    "21:aerialace",
    "27:quickguard",
    "33:agility",
    "45:endeavor",
    "57:reversal",
    "egg:boomburst",
    "egg:mirrormove",
    "egg:pursuit",
    "egg:rage",
    "egg:refresh",
    "egg:supersonic",
    "egg:whirlwind",
    "tm:aerialace",
    "tm:agility",
    "tm:aircutter",
    "tm:airslash",
    "tm:assurance",
    "tm:batonpass",
    "tm:bravebird",
    "tm:defog",
    "tm:doubleteam",
    "tm:dualwingbeat",
    "tm:echoedvoice",
    "tm:endeavor",
    "tm:endure",
    "tm:facade",
    "tm:fly",
    "tm:focusenergy",
    "tm:gigaimpact",
    "tm:heatwave",
    "tm:hurricane",
    "tm:hyperbeam",
    "tm:laserfocus",
    "tm:mudslap",
    "tm:ominouswind",
    "tm:pluck",
    "tm:protect",
    "tm:raindance",
    "tm:rest",
    "tm:reversal",
    "tm:roost",
    "tm:skyattack",
    "tm:sleeptalk",
    "tm:steelwing",
    "tm:substitute",
    "tm:sunnyday",
    "tm:tailwind",
    "tm:terablast",
    "tm:thief",
    "tm:twister",
    "tm:uturn",
    "tm:workup",
    "tutor:aerialace",
    "tutor:aircutter",
    "tutor:defog",
    "tutor:dualwingbeat",
    "tutor:endeavor",
    "tutor:focusenergy",
    "tutor:gigaimpact",
    "tutor:heatwave",
    "tutor:hyperbeam",
    "tutor:laserfocus",
    "tutor:mudslap",
    "tutor:ominouswind",
    "tutor:rest",
    "tutor:roost",
    "tutor:skyattack",
    "tutor:sleeptalk",
    "tutor:tailwind",
    "tutor:twister"
  ],
  "preEvolution": "taillow",
  "evolutions": []
}