{
  "implemented": true,
  "nationalPokedexNumber": 211,
  "name": "Qwilfish",
  "primaryType": "water",
  "secondaryType": "poison",
  "maleRatio": 0.5,
  "height": 5,
  "weight": 39,
  "pokedex": [
    "cobblemon.species.qwilfish.desc"
  ],
  "labels": [
    "gen2",
    "johtonian_form"
  ],
  "aspects": [],
  "abilities": [
    "poisonpoint",
    "swiftswim",
    "h:intimidate"
  ],
  "eggGroups": [
    "water_2"
  ],
  "baseStats": {
    "hp": 65,
    "attack": 95,
    "defence": 85,
    "special_attack": 55,
    "special_defence": 55,
    "speed": 85
  },
  "evYield": {
    "hp": 0,
    "attack": 1,
    "defence": 0,
    "special_attack": 0,
    "special_defence": 0,
    "speed": 0
  },
  "baseExperienceYield": 88,
  "experienceGroup": "medium_fast",
  "catchRate": 45,
  "eggCycles": 20,
  "baseFriendship": 50,
  "features": [
    "hisuian"
  ],
  "baseScale": 1,
  "hitbox": {
    "width": 0.6,
    "height": 0.8,
    "fixed": false
  },
  "behaviour": {
    "moving": {
      "walk": {
        "avoidsLand": true
      },
      "swim": {
        "swimSpeed": 0.3,
        "canBreatheUnderwater": true,
        "canSwimInWater": true,
        "canSwimInLava": false
      }
    },
    "resting": {
      "canSleep": true,
      "light": "0-4"
    }
  },
  "drops": {
    "amount": 3,
    "entries": [
      {
        "item": "minecraft:pufferfish"
      },
      {
        "item": "minecraft:prismarine_shard",
        "quantityRange": "3-8"
      },
      {
        "item": "cobblemon:poison_barb",
        "percentage": 2.5
      }
    ]
  },
  "moves": [
    "1:tackle",
    "1:poisonsting",
    "1:bubble",
    "4:harden",
    "8:watergun",
    "12:fellstinger",
    "16:minimize",
    "20:spikes",
    "24:brine",
    "28:poisonjab",
    "32:pinmissile",
    "36:toxicspikes",
    "40:stockpile",
    "40:spitup",
    "44:toxic",
    "48:aquatail",
    "52:acupressure",
    "56:destinybond",
    "egg:acidspray",
    "egg:aquajet",
    "egg:astonish",
    "egg:barbbarrage",
    "egg:bubblebeam",
    "egg:flail",
    "egg:haze",
    "egg:selfdestruct",
    "egg:supersonic",
    "egg:waterpulse",
    "tm:acidspray",
    "tm:agility",
    "tm:aquatail",
    "tm:assurance",
    "tm:blizzard",
    "tm:bounce",
    "tm:brine",
    "tm:chillingwater",
    "tm:crunch",
    "tm:curse",
    "tm:dive",
    "tm:doubleedge",
    "tm:endure",
    "tm:explosion",
    "tm:facade",
    "tm:flipturn",
    "tm:gigaimpact",
    "tm:gunkshot",
    "tm:gyroball",
    "tm:hail",
    "tm:haze",
    "tm:headbutt",
    "tm:hex",
    "tm:hydropump",
    "tm:icebeam",
    "tm:icywind",
    "tm:liquidation",
    "tm:mudshot",
    "tm:painsplit",
    "tm:payback",
    "tm:pinmissile",
    "tm:poisonjab",
    "tm:poisontail",
    "tm:protect",
    "tm:raindance",
    "tm:rest",
    "tm:revenge",
    "tm:reversal",
    "tm:rollout",
    "tm:scaleshot",
    "tm:scaryface",
    "tm:selfdestruct",
    "tm:shadowball",
    "tm:shockwave",
    "tm:signalbeam",
    "tm:sleeptalk",
    "tm:sludgebomb",
    "tm:sludgewave",
    "tm:spikes",
    "tm:spite",
    "tm:steelroller",
    "tm:substitute",
    "tm:surf",
    "tm:swift",
    "tm:swordsdance",
    "tm:takedown",
    "tm:taunt",
    "tm:terablast",
    "tm:throatchop",
    "tm:thunderwave",
    "tm:toxic",
    "tm:toxicspikes",
    "tm:venomdrench",
    "tm:venoshock",
    "tm:waterfall",
    "tm:waterpulse",
    "tm:whirlpool",
    "tutor:aquatail",
    "tutor:bounce",
    "tutor:dive",
    "tutor:flipturn",
    "tutor:gigaimpact",
    "tutor:gunkshot",
    "tutor:icebeam",
    "tutor:icywind",
    "tutor:liquidation",
    "tutor:painsplit",
    "tutor:poisonjab",
    "tutor:rest",
    "tutor:rollout",
    "tutor:scaleshot",
    "tutor:shadowball",
    "tutor:shockwave",
    "tutor:signalbeam",
    "tutor:sleeptalk",
    "tutor:sludgebomb",
    "tutor:spikes",
    "tutor:spite",
    "tutor:steelroller",
    "tutor:swift",
    "tutor:throatchop",
    "tutor:waterpulse"
  ],
  "evolutions": [],
  "forms": [
    {
      "name": "Hisui",
      "primaryType": "dark",
      "secondaryType": "poison",
      "maleRatio": 0.5,
      "height": 5,
      "weight": 39,
      "pokedex": [
        "cobblemon.species.qwilfish-hisui.desc"
      ],
      "labels": [
        "gen8a",
        "hisuian_form"
      ],
      "aspects": [
        "hisuian"
      ],
      "moves": [
        "1:tackle",
        "1:poisonsting",
        "4:harden",
        "8:bite",
        "12:fellstinger",
        "16:minimize",
        "20:spikes",
        "24:brine",
        "28:barbbarrage",
        "32:pinmissile",
        "36:toxicspikes",
        "40:stockpile",
        "40:spitup",
        "44:toxic",
        "48:crunch",
        "52:acupressure",
        "56:destinybond",
        "egg:acidspray",
        "egg:aquajet",
        "egg:aquatail",
        "egg:astonish",
        "egg:bubblebeam",
        "egg:flail",
        "egg:haze",
        "egg:selfdestruct",
        "egg:supersonic",
        "egg:waterpulse",
        "tm:acidspray",
        "tm:agility",
        "tm:aquatail",
        "tm:blizzard",
        "tm:brine",
        "tm:chillingwater",
        "tm:crunch",
        "tm:curse",
        "tm:darkpulse",
        "tm:doubleedge",
        "tm:endure",
        "tm:facade",
        "tm:gigaimpact",
        "tm:gunkshot",
        "tm:gyroball",
        "tm:haze",
        "tm:hex",
        "tm:hydropump",
        "tm:iceball",
        "tm:icebeam",
        "tm:icywind",
        "tm:lashout",
        "tm:liquidation",
        "tm:mudshot",
        "tm:painsplit",
        "tm:pinmissile",
        "tm:poisonjab",
        "tm:poisontail",
        "tm:protect",
        "tm:raindance",
        "tm:rest",
        "tm:reversal",
        "tm:scaleshot",
        "tm:scaryface",
        "tm:selfdestruct",
        "tm:shadowball",
        "tm:sleeptalk",
        "tm:sludgebomb",
        "tm:spikes",
        "tm:spite",
        "tm:substitute",
        "tm:surf",
        "tm:swift",
        "tm:swordsdance",
        "tm:takedown",
        "tm:taunt",
        "tm:terablast",
        "tm:throatchop",
        "tm:toxic",
        "tm:toxicspikes",
        "tm:venoshock",
        "tm:waterfall",
        "tm:waterpulse",
        "tutor:aquatail",
        "tutor:darkpulse",
        "tutor:gigaimpact",
        "tutor:gunkshot",
        "tutor:iceball",
        "tutor:icebeam",
        "tutor:icywind",
        "tutor:lashout",
        "tutor:liquidation",
        "tutor:painsplit",
        "tutor:poisonjab",
        "tutor:rest",
        "tutor:scaleshot",
        "tutor:shadowball",
        "tutor:sleeptalk",
        "tutor:sludgebomb",
        "tutor:spikes",
        "tutor:spite",
        "tutor:swift",
        "tutor:throatchop",
        "tutor:waterpulse"
      ],
      "evolutions": [
        {
          "id": "qwilfish_overqwil",
          "variant": "level_up",
          "result": "overqwil",
          "consumeHeldItem": false,
          "learnableMoves": [],
          "requirements": [
            {
              "variant": "has_move",
              "move": "barbbarrage"
            }
          ]
        }
      ],
      "battleOnly": false
    }
  ]
}