{
  "name": "Champion Blue",
  "identity": "Rival Blue",
  "ai": {
    "type": "rct",
    "data": {
      "maxSelectMargin": 0.15
    }
  },
  "battleRules": {
    "maxItemUses": 2
  },
  "bag": [
    {
      "item": "cobblemon:full_restore",
      "quantity": 2
    }
  ],
  "team": [
    {
      "species": "pheromosa",
      "gender": "GENDERLESS",
      "level": 85,
      "nature": "jolly",
      "ability": "beastboost",
      "moveset": [
        "uturn",
        "closecombat",
        "tripleaxel",
        "poisonjab"
      ],
      "ivs": {
        "hp": 31,
        "atk": 31,
        "def": 31,
        "spa": 31,
        "spd": 31,
        "spe": 31
      },
      "evs": {
        "hp": 6,
        "atk": 252,
        "spe": 252
      },
      "heldItem": "focus_sash"
    },
    {
      "species": "metagross",
      "gender": "GENDERLESS",
      "level": 85,
      "nature": "jolly",
      "ability": "clearbody",
      "moveset": [
        "bulletpunch",
        "zenheadbutt",
        "firepunch",
        "meteormash"
      ],
      "ivs": {
        "hp": 31,
        "atk": 31,
        "def": 31,
        "spa": 31,
        "spd": 31,
        "spe": 31
      },
      "evs": {
        "hp": 6,
        "atk": 252,
        "spe": 252
      },
      "heldItem": "assault_vest"
    },
    {
      "species": "groudon",
      "gender": "GENDERLESS",
      "level": 85,
      "nature": "careful",
      "ability": "drought",
      "moveset": [
        "firepunch",
        "precipiceblades",
        "thunderwave",
        "stoneedge"
      ],
      "ivs": {
        "hp": 31,
        "atk": 31,
        "def": 31,
        "spa": 31,
        "spd": 31,
        "spe": 31
      },
      "evs": {
        "hp": 252,
        "atk": 4,
        "spd": 252
      },
      "heldItem": "leftovers"
    },
    {
      "species": "yveltal",
      "gender": "GENDERLESS",
      "level": 85,
      "nature": "modest",
      "ability": "darkaura",
      "moveset": [
        "oblivionwing",
        "darkpulse",
        "heatwave",
        "suckerpunch"
      ],
      "ivs": {
        "hp": 31,
        "atk": 31,
        "def": 31,
        "spa": 31,
        "spd": 31,
        "spe": 31
      },
      "evs": {
        "hp": 252,
        "spa": 252,
        "spe": 6
      },
      "heldItem": "assault_vest"
    },
    {
      "species": "eternatus",
      "gender": "GENDERLESS",
      "level": 85,
      "nature": "timid",
      "ability": "pressure",
      "moveset": [
        "meteorbeam",
        "sludgebomb",
        "flamethrower",
        "dynamaxcannon"
      ],
      "ivs": {
        "hp": 31,
        "atk": 31,
        "def": 31,
        "spa": 31,
        "spd": 31,
        "spe": 31
      },
      "evs": {
        "hp": 6,
        "spa": 252,
        "spe": 252
      },
      "heldItem": "power_herb"
    },
    {
      "species": "ditto",
      "gender": "GENDERLESS",
      "level": 85,
      "nature": "jolly",
      "ability": "imposter",
      "moveset": [
        "transform"
      ],
      "ivs": {
        "hp": 31,
        "atk": 31,
        "def": 31,
        "spa": 31,
        "spd": 31,
        "spe": 31
      },
      "evs": {
        "hp": 252,
        "atk": 4,
        "spe": 252
      },
      "heldItem": "choice_scarf"
    }
  ]
}