{
  "name": "Rival Blue",
  "ai": {
    "type": "rct",
    "data": {
      "maxSelectMargin": 0.15
    }
  },
  "battleRules": {
    "maxItemUses": 2
  },
  "bag": [
    {
      "item": "cobblemon:full_restore",
      "quantity": 2
    }
  ],
  "team": [
    {
      "species": "heracross",
      "gender": "MALE",
      "level": 72,
      "nature": "careful",
      "ability": "guts",
      "moveset": [
        "megahorn",
        "earthquake",
        "counter",
        "rocktomb"
      ],
      "ivs": {
        "hp": 31,
        "atk": 31,
        "def": 31,
        "spa": 31,
        "spd": 31,
        "spe": 31
      },
      "evs": {}
    },
    {
      "species": "alakazam",
      "gender": "FEMALE",
      "level": 73,
      "nature": "lax",
      "ability": "innerfocus",
      "moveset": [
        "psychic",
        "shadowball",
        "calmmind",
        "reflect"
      ],
      "ivs": {
        "hp": 31,
        "atk": 31,
        "def": 31,
        "spa": 31,
        "spd": 31,
        "spe": 31
      },
      "evs": {}
    },
    {
      "species": "tyranitar",
      "gender": "FEMALE",
      "level": 72,
      "nature": "bashful",
      "ability": "sandstream",
      "moveset": [
        "crunch",
        "earthquake",
        "thunderbolt",
        "aerialace"
      ],
      "ivs": {
        "hp": 31,
        "atk": 31,
        "def": 31,
        "spa": 31,
        "spd": 31,
        "spe": 31
      },
      "evs": {}
    },
    {
      "species": "gyarados",
      "gender": "MALE",
      "level": 73,
      "nature": "relaxed",
      "ability": "intimidate",
      "moveset": [
        "hydropump",
        "dragondance",
        "earthquake",
        "hyperbeam"
      ],
      "ivs": {
        "hp": 31,
        "atk": 31,
        "def": 31,
        "spa": 31,
        "spd": 31,
        "spe": 31
      },
      "evs": {}
    },
    {
      "species": "arcanine",
      "gender": "FEMALE",
      "level": 73,
      "nature": "serious",
      "ability": "flashfire",
      "moveset": [
        "extremespeed",
        "overheat",
        "aerialace",
        "irontail"
      ],
      "ivs": {
        "hp": 31,
        "atk": 31,
        "def": 31,
        "spa": 31,
        "spd": 31,
        "spe": 31
      },
      "evs": {}
    },
    {
      "species": "venusaur",
      "gender": "FEMALE",
      "level": 75,
      "nature": "rash",
      "ability": "overgrow",
      "moveset": [
        "solarbeam",
        "sludgebomb",
        "earthquake",
        "sunnyday"
      ],
      "ivs": {
        "hp": 31,
        "atk": 31,
        "def": 31,
        "spa": 31,
        "spd": 31,
        "spe": 31
      },
      "evs": {},
      "heldItem": "sitrus_berry"
    }
  ]
}