{
  "name": "Rival Blue",
  "team": [
    {
      "species": "staraptor",
      "gender": "MALE",
      "level": 80,
      "nature": "jolly",
      "ability": "intimidate",
      "moveset": [
        "uturn",
        "doubleedge",
        "bravebird",
        "closecombat"
      ],
      "ivs": {
        "hp": 31,
        "atk": 31,
        "def": 31,
        "spa": 31,
        "spd": 31,
        "spe": 31
      },
      "evs": {
        "hp": 6,
        "atk": 252,
        "spe": 252
      },
      "heldItem": "choice_band"
    },
    {
      "species": "electivire",
      "gender": "FEMALE",
      "level": 80,
      "nature": "jolly",
      "ability": "ironfist",
      "moveset": [
        "plasmafists",
        "closecombat",
        "machpunch",
        "icepunch"
      ],
      "ivs": {
        "hp": 31,
        "atk": 31,
        "def": 31,
        "spa": 31,
        "spd": 31,
        "spe": 31
      },
      "evs": {
        "hp": 6,
        "atk": 252,
        "spe": 252
      },
      "heldItem": "expert_belt"
    },
    {
      "species": "darmanitan",
      "gender": "FEMALE",
      "level": 81,
      "nature": "jolly",
      "ability": "sheerforce",
      "moveset": [
        "flareblitz",
        "uturn",
        "rockslide",
        "earthquake"
      ],
      "ivs": {
        "hp": 31,
        "atk": 31,
        "def": 31,
        "spa": 31,
        "spd": 31,
        "spe": 31
      },
      "evs": {
        "hp": 6,
        "atk": 252,
        "spe": 252
      },
      "heldItem": "life_orb"
    },
    {
      "species": "hatterene",
      "gender": "FEMALE",
      "level": 81,
      "nature": "modest",
      "ability": "magicbounce",
      "moveset": [
        "psychic",
        "mysticalfire",
        "drainingkiss",
        "calmmind"
      ],
      "ivs": {
        "hp": 31,
        "atk": 31,
        "def": 31,
        "spa": 31,
        "spd": 31,
        "spe": 31
      },
      "evs": {
        "hp": 252,
        "spa": 252,
        "spe": 6
      },
      "heldItem": "leftovers"
    },
    {
      "species": "kartana",
      "gender": "GENDERLESS",
      "level": 81,
      "nature": "adamant",
      "ability": "beastboost",
      "moveset": [
        "leafblade",
        "smartstrike",
        "sacredsword",
        "xscissor"
      ],
      "ivs": {
        "hp": 31,
        "atk": 31,
        "def": 31,
        "spa": 31,
        "spd": 31,
        "spe": 31
      },
      "evs": {
        "hp": 6,
        "atk": 252,
        "spe": 252
      },
      "heldItem": "choice_scarf"
    },
    {
      "species": "blastoise",
      "gender": "FEMALE",
      "level": 81,
      "nature": "modest",
      "ability": "torrent",
      "moveset": [
        "shellsmash",
        "aurasphere",
        "icebeam",
        "waterpulse"
      ],
      "ivs": {
        "hp": 31,
        "atk": 31,
        "def": 31,
        "spa": 31,
        "spd": 31,
        "spe": 31
      },
      "evs": {
        "hp": 6,
        "spa": 252,
        "spe": 252
      },
      "heldItem": "leftovers"
    }
  ]
}