{
  "name": "Rival Blue",
  "team": [
    {
      "species": "kirlia",
      "gender": "MALE",
      "level": 28,
      "nature": "docile",
      "ability": "trace",
      "moveset": [
        "magicalleaf",
        "healpulse",
        "drainingkiss",
        "calmmind"
      ],
      "ivs": {
        "hp": 31,
        "atk": 31,
        "def": 31,
        "spa": 31,
        "spd": 31,
        "spe": 31
      },
      "evs": {}
    },
    {
      "species": "lycanroc",
      "gender": "MALE",
      "level": 26,
      "nature": "quiet",
      "ability": "toughclaws",
      "moveset": [
        "rockthrow",
        "odorsleuth",
        "rocktomb",
        "roar"
      ],
      "ivs": {
        "hp": 31,
        "atk": 31,
        "def": 31,
        "spa": 31,
        "spd": 31,
        "spe": 31
      },
      "evs": {}
    },
    {
      "species": "staravia",
      "gender": "FEMALE",
      "level": 26,
      "nature": "rash",
      "ability": "intimidate",
      "moveset": [
        "quickattack",
        "wingattack",
        "endeavor",
        "whirlwind"
      ],
      "ivs": {
        "hp": 31,
        "atk": 31,
        "def": 31,
        "spa": 31,
        "spd": 31,
        "spe": 31
      },
      "evs": {}
    },
    {
      "species": "ivysaur",
      "gender": "FEMALE",
      "level": 28,
      "nature": "hasty",
      "ability": "overgrow",
      "moveset": [
        "sludge",
        "megadrain",
        "takedown",
        "growth"
      ],
      "ivs": {
        "hp": 31,
        "atk": 31,
        "def": 31,
        "spa": 31,
        "spd": 31,
        "spe": 31
      },
      "evs": {}
    }
  ]
}