{
  "name": "Rival Blue",
  "team": [
    {
      "species": "kirlia",
      "gender": "MALE",
      "level": 18,
      "nature": "bashful",
      "ability": "trace",
      "moveset": [
        "confusion",
        "disarmingvoice",
        "magicalleaf"
      ],
      "ivs": {
        "hp": 31,
        "atk": 31,
        "def": 31,
        "spa": 31,
        "spd": 31,
        "spe": 31
      },
      "evs": {
        "hp": 4,
        "spe": 40
      }
    },
    {
      "species": "staravia",
      "gender": "MALE",
      "level": 19,
      "nature": "bashful",
      "ability": "intimidate",
      "moveset": [
        "wingattack",
        "quickattack"
      ],
      "ivs": {
        "hp": 31,
        "atk": 31,
        "def": 31,
        "spa": 31,
        "spd": 31,
        "spe": 31
      },
      "evs": {
        "hp": 4,
        "spe": 40
      }
    },
    {
      "species": "rockruff",
      "gender": "FEMALE",
      "level": 20,
      "nature": "bashful",
      "ability": "frisk",
      "moveset": [
        "rocktomb",
        "bite",
        "howl"
      ],
      "ivs": {
        "hp": 31,
        "atk": 31,
        "def": 31,
        "spa": 31,
        "spd": 31,
        "spe": 31
      },
      "evs": {
        "hp": 4,
        "spe": 40
      }
    },
    {
      "species": "charmeleon",
      "gender": "FEMALE",
      "level": 21,
      "nature": "adamant",
      "ability": "blaze",
      "moveset": [
        "scratch",
        "ember"
      ],
      "ivs": {
        "hp": 31,
        "atk": 31,
        "def": 31,
        "spa": 31,
        "spd": 31,
        "spe": 31
      },
      "evs": {
        "hp": 4,
        "atk": 100,
        "spa": 16,
        "spe": 252
      },
      "heldItem": "sitrus_berry"
    }
  ]
}