{
  "name": "Rival Blue",
  "team": [
    {
      "species": "staraptor",
      "gender": "MALE",
      "level": 54,
      "nature": "jolly",
      "ability": "intimidate",
      "moveset": [
        "bravebird",
        "closecombat",
        "uturn",
        "quickattack"
      ],
      "ivs": {
        "hp": 31,
        "atk": 31,
        "def": 31,
        "spa": 31,
        "spd": 31,
        "spe": 31
      },
      "evs": {
        "hp": 6,
        "atk": 252,
        "spe": 252
      },
      "heldItem": "sharp_beak"
    },
    {
      "species": "darmanitan",
      "gender": "MALE",
      "level": 55,
      "nature": "jolly",
      "ability": "sheerforce",
      "moveset": [
        "flareblitz",
        "rockslide",
        "earthquake",
        "uturn"
      ],
      "ivs": {
        "hp": 31,
        "atk": 31,
        "def": 31,
        "spa": 31,
        "spd": 31,
        "spe": 31
      },
      "evs": {
        "hp": 6,
        "atk": 252,
        "spe": 252
      },
      "heldItem": "charcoal_stick"
    },
    {
      "species": "azumarill",
      "gender": "FEMALE",
      "level": 55,
      "nature": "adamant",
      "ability": "hugepower",
      "moveset": [
        "liquidation",
        "aquajet",
        "playrough",
        "icepunch"
      ],
      "ivs": {
        "hp": 31,
        "atk": 31,
        "def": 31,
        "spa": 31,
        "spd": 31,
        "spe": 31
      },
      "evs": {
        "hp": 6,
        "atk": 252,
        "spe": 252
      },
      "heldItem": "sitrus_berry"
    },
    {
      "species": "electivire",
      "gender": "FEMALE",
      "level": 55,
      "nature": "jolly",
      "ability": "ironfist",
      "moveset": [
        "plasmafists",
        "closecombat",
        "machpunch",
        "icepunch"
      ],
      "ivs": {
        "hp": 31,
        "atk": 31,
        "def": 31,
        "spa": 31,
        "spd": 31,
        "spe": 31
      },
      "evs": {
        "hp": 6,
        "atk": 252,
        "spe": 252
      },
      "heldItem": "expert_belt"
    },
    {
      "species": "venusaur",
      "gender": "FEMALE",
      "level": 55,
      "nature": "modest",
      "ability": "overgrow",
      "moveset": [
        "sleeppowder",
        "gigadrain",
        "sludgebomb",
        "earthpower"
      ],
      "ivs": {
        "hp": 31,
        "atk": 31,
        "def": 31,
        "spa": 31,
        "spd": 31,
        "spe": 31
      },
      "evs": {
        "hp": 252,
        "spa": 252,
        "spe": 6
      },
      "heldItem": "leftovers"
    }
  ]
}