{
  "name": "Rival Blue",
  "team": [
    {
      "species": "kirlia",
      "gender": "MALE",
      "level": 19,
      "nature": "bashful",
      "ability": "trace",
      "moveset": [
        "confusion",
        "disarmingvoice",
        "magicalleaf"
      ],
      "ivs": {
        "hp": 31,
        "atk": 31,
        "def": 31,
        "spa": 31,
        "spd": 31,
        "spe": 31
      },
      "evs": {
        "hp": 4,
        "spe": 40
      }
    },
    {
      "species": "staravia",
      "gender": "MALE",
      "level": 19,
      "nature": "bashful",
      "ability": "intimidate",
      "moveset": [
        "wingattack",
        "quickattack"
      ],
      "ivs": {
        "hp": 31,
        "atk": 31,
        "def": 31,
        "spa": 31,
        "spd": 31,
        "spe": 31
      },
      "evs": {
        "hp": 4,
        "spe": 40
      }
    },
    {
      "species": "rockruff",
      "gender": "FEMALE",
      "level": 20,
      "nature": "bashful",
      "ability": "vitalspirit",
      "moveset": [
        "rocktomb",
        "bite",
        "howl"
      ],
      "ivs": {
        "hp": 31,
        "atk": 31,
        "def": 31,
        "spa": 31,
        "spd": 31,
        "spe": 31
      },
      "evs": {
        "hp": 4,
        "spe": 40
      }
    },
    {
      "species": "wartortle",
      "gender": "FEMALE",
      "level": 21,
      "nature": "modest",
      "ability": "torrent",
      "moveset": [
        "waterpulse",
        "bite"
      ],
      "ivs": {
        "hp": 31,
        "atk": 31,
        "def": 31,
        "spa": 31,
        "spd": 31,
        "spe": 31
      },
      "evs": {
        "hp": 24,
        "atk": 16,
        "spa": 40,
        "spe": 252
      },
      "heldItem": "sitrus_berry"
    }
  ]
}