{
  "name": "Rival Blue",
  "team": [
    {
      "species": "starly",
      "gender": "MALE",
      "level": 9,
      "nature": "mild",
      "ability": "frisk",
      "moveset": [
        "tackle",
        "growl",
        "quickattack",
        "wingattack"
      ],
      "ivs": {
        "hp": 25,
        "atk": 25,
        "def": 25,
        "spa": 25,
        "spd": 25,
        "spe": 25
      },
      "evs": {}
    },
    {
      "species": "squirtle",
      "gender": "FEMALE",
      "level": 9,
      "nature": "relaxed",
      "ability": "torrent",
      "moveset": [
        "tackle",
        "falseswipe",
        "tailwhip",
        "bubble"
      ],
      "ivs": {
        "hp": 25,
        "atk": 25,
        "def": 25,
        "spa": 25,
        "spd": 25,
        "spe": 25
      },
      "evs": {}
    }
  ]
}