{
  "name": "Rival Blue",
  "team": [
    {
      "species": "pidgeotto",
      "gender": "MALE",
      "level": 25,
      "nature": "adamant",
      "ability": "tangledfeet",
      "moveset": [
        "quickattack",
        "takedown",
        "whirlwind",
        "return"
      ],
      "ivs": {
        "hp": 31,
        "atk": 31,
        "def": 31,
        "spa": 31,
        "spd": 31,
        "spe": 31
      },
      "evs": {}
    },
    {
      "species": "growlithe",
      "gender": "FEMALE",
      "level": 23,
      "nature": "quiet",
      "ability": "flashfire",
      "moveset": [
        "flamewheel",
        "reversal",
        "firefang",
        "takedown"
      ],
      "ivs": {
        "hp": 31,
        "atk": 31,
        "def": 31,
        "spa": 31,
        "spd": 31,
        "spe": 31
      },
      "evs": {}
    },
    {
      "species": "exeggcute",
      "gender": "FEMALE",
      "level": 22,
      "nature": "brave",
      "ability": "chlorophyll",
      "moveset": [
        "stunspore",
        "megadrain",
        "poisonpowder"
      ],
      "ivs": {
        "hp": 31,
        "atk": 31,
        "def": 31,
        "spa": 31,
        "spd": 31,
        "spe": 31
      },
      "evs": {}
    },
    {
      "species": "kadabra",
      "gender": "FEMALE",
      "level": 20,
      "nature": "relaxed",
      "ability": "innerfocus",
      "moveset": [
        "teleport",
        "confusion",
        "hiddenpower",
        "disable"
      ],
      "ivs": {
        "hp": 31,
        "atk": 31,
        "def": 31,
        "spa": 31,
        "spd": 31,
        "spe": 31
      },
      "evs": {}
    },
    {
      "species": "wartortle",
      "gender": "FEMALE",
      "level": 25,
      "nature": "hasty",
      "ability": "torrent",
      "moveset": [
        "waterpulse",
        "bite",
        "fakeout",
        "detect"
      ],
      "ivs": {
        "hp": 31,
        "atk": 31,
        "def": 31,
        "spa": 31,
        "spd": 31,
        "spe": 31
      },
      "evs": {}
    }
  ]
}