{
  "name": "Rival Blue",
  "team": [
    {
      "species": "staraptor",
      "gender": "MALE",
      "level": 80,
      "nature": "jolly",
      "ability": "intimidate",
      "moveset": [
        "uturn",
        "bravebird",
        "doubleedge",
        "closecombat"
      ],
      "ivs": {
        "hp": 31,
        "atk": 31,
        "def": 31,
        "spa": 31,
        "spd": 31,
        "spe": 31
      },
      "evs": {
        "hp": 6,
        "atk": 252,
        "spe": 252
      },
      "heldItem": "choice_band"
    },
    {
      "species": "electivire",
      "gender": "FEMALE",
      "level": 80,
      "nature": "jolly",
      "ability": "ironfist",
      "moveset": [
        "plasmafists",
        "closecombat",
        "machpunch",
        "icepunch"
      ],
      "ivs": {
        "hp": 31,
        "atk": 31,
        "def": 31,
        "spa": 31,
        "spd": 31,
        "spe": 31
      },
      "evs": {
        "hp": 6,
        "atk": 252,
        "spe": 252
      },
      "heldItem": "expert_belt"
    },
    {
      "species": "kartana",
      "gender": "GENDERLESS",
      "level": 81,
      "nature": "adamant",
      "ability": "beastboost",
      "moveset": [
        "leafblade",
        "sacredsword",
        "smartstrike",
        "xscissor"
      ],
      "ivs": {
        "hp": 31,
        "atk": 31,
        "def": 31,
        "spa": 31,
        "spd": 31,
        "spe": 31
      },
      "evs": {
        "hp": 6,
        "atk": 252,
        "spe": 252
      },
      "heldItem": "choice_scarf"
    },
    {
      "species": "barbaracle",
      "gender": "MALE",
      "level": 81,
      "nature": "adamant",
      "ability": "toughclaws",
      "moveset": [
        "shellsmash",
        "liquidation",
        "stoneedge",
        "earthquake"
      ],
      "ivs": {
        "hp": 31,
        "atk": 31,
        "def": 31,
        "spa": 31,
        "spd": 31,
        "spe": 31
      },
      "evs": {
        "hp": 6,
        "atk": 252,
        "spe": 252
      },
      "heldItem": "white_herb"
    },
    {
      "species": "hatterene",
      "gender": "FEMALE",
      "level": 81,
      "nature": "modest",
      "ability": "magicbounce",
      "moveset": [
        "calmmind",
        "drainingkiss",
        "psychic",
        "mysticalfire"
      ],
      "ivs": {
        "hp": 31,
        "atk": 31,
        "def": 31,
        "spa": 31,
        "spd": 31,
        "spe": 31
      },
      "evs": {
        "hp": 252,
        "spa": 252,
        "spe": 6
      },
      "heldItem": "leftovers"
    },
    {
      "species": "charizard",
      "gender": "FEMALE",
      "level": 81,
      "nature": "adamant",
      "ability": "blaze",
      "moveset": [
        "dragondance",
        "earthquake",
        "flareblitz",
        "dragonclaw"
      ],
      "ivs": {
        "hp": 31,
        "atk": 31,
        "def": 31,
        "spa": 31,
        "spd": 31,
        "spe": 31
      },
      "evs": {
        "hp": 6,
        "atk": 252,
        "spe": 252
      },
      "heldItem": "life_orb"
    }
  ]
}