{
  "name": "Rival Blue",
  "team": [
    {
      "species": "staraptor",
      "gender": "MALE",
      "level": 54,
      "nature": "jolly",
      "ability": "intimidate",
      "moveset": [
        "bravebird",
        "quickattack",
        "closecombat",
        "uturn"
      ],
      "ivs": {
        "hp": 31,
        "atk": 31,
        "def": 31,
        "spa": 31,
        "spd": 31,
        "spe": 31
      },
      "evs": {
        "hp": 6,
        "atk": 252,
        "spe": 252
      },
      "heldItem": "sharp_beak"
    },
    {
      "species": "electivire",
      "gender": "FEMALE",
      "level": 55,
      "nature": "jolly",
      "ability": "ironfist",
      "moveset": [
        "voltswitch",
        "machpunch",
        "closecombat",
        "icepunch"
      ],
      "ivs": {
        "hp": 31,
        "atk": 31,
        "def": 31,
        "spa": 31,
        "spd": 31,
        "spe": 31
      },
      "evs": {
        "hp": 6,
        "atk": 252,
        "spe": 252
      },
      "heldItem": "expert_belt"
    },
    {
      "species": "darmanitan",
      "gender": "FEMALE",
      "level": 55,
      "nature": "jolly",
      "ability": "sheerforce",
      "moveset": [
        "flareblitz",
        "rockslide",
        "uturn",
        "earthquake"
      ],
      "ivs": {
        "hp": 31,
        "atk": 31,
        "def": 31,
        "spa": 31,
        "spd": 31,
        "spe": 31
      },
      "evs": {
        "hp": 6,
        "atk": 252,
        "spe": 252
      },
      "heldItem": "charcoal_stick"
    },
    {
      "species": "jumpluff",
      "gender": "MALE",
      "level": 55,
      "nature": "jolly",
      "ability": "aerilate",
      "moveset": [
        "sleeppowder",
        "doubleedge",
        "seedbomb",
        "swordsdance"
      ],
      "ivs": {
        "hp": 31,
        "atk": 31,
        "def": 31,
        "spa": 31,
        "spd": 31,
        "spe": 31
      },
      "evs": {
        "hp": 6,
        "atk": 252,
        "spe": 252
      },
      "heldItem": "sharp_beak"
    },
    {
      "species": "blastoise",
      "gender": "FEMALE",
      "level": 55,
      "nature": "modest",
      "ability": "torrent",
      "moveset": [
        "shellsmash",
        "waterpulse",
        "aurasphere",
        "icebeam"
      ],
      "ivs": {
        "hp": 31,
        "atk": 31,
        "def": 31,
        "spa": 31,
        "spd": 31,
        "spe": 31
      },
      "evs": {
        "hp": 6,
        "spa": 252,
        "spe": 252
      },
      "heldItem": "leftovers"
    }
  ]
}