{
  "name": "Rival Blue",
  "team": [
    {
      "species": "staraptor",
      "gender": "MALE",
      "level": 54,
      "nature": "jolly",
      "ability": "intimidate",
      "moveset": [
        "bravebird",
        "uturn",
        "quickattack",
        "closecombat"
      ],
      "ivs": {
        "hp": 31,
        "atk": 31,
        "def": 31,
        "spa": 31,
        "spd": 31,
        "spe": 31
      },
      "evs": {
        "hp": 6,
        "atk": 252,
        "spe": 252
      },
      "heldItem": "sharp_beak"
    },
    {
      "species": "jumpluff",
      "gender": "MALE",
      "level": 55,
      "nature": "jolly",
      "ability": "aerilate",
      "moveset": [
        "sleeppowder",
        "swordsdance",
        "doubleedge",
        "seedbomb"
      ],
      "ivs": {
        "hp": 31,
        "atk": 31,
        "def": 31,
        "spa": 31,
        "spd": 31,
        "spe": 31
      },
      "evs": {
        "hp": 6,
        "atk": 252,
        "spe": 252
      },
      "heldItem": "sharp_beak"
    },
    {
      "species": "azumarill",
      "gender": "FEMALE",
      "level": 55,
      "nature": "adamant",
      "ability": "hugepower",
      "moveset": [
        "playrough",
        "liquidation",
        "aquajet",
        "icepunch"
      ],
      "ivs": {
        "hp": 31,
        "atk": 31,
        "def": 31,
        "spa": 31,
        "spd": 31,
        "spe": 31
      },
      "evs": {
        "hp": 6,
        "atk": 252,
        "spe": 252
      },
      "heldItem": "mystic_water"
    },
    {
      "species": "electivire",
      "gender": "FEMALE",
      "level": 55,
      "nature": "jolly",
      "ability": "ironfist",
      "moveset": [
        "plasmafists",
        "closecombat",
        "icepunch",
        "machpunch"
      ],
      "ivs": {
        "hp": 31,
        "atk": 31,
        "def": 31,
        "spa": 31,
        "spd": 31,
        "spe": 31
      },
      "evs": {
        "hp": 6,
        "atk": 252,
        "spe": 252
      },
      "heldItem": "expert_belt"
    },
    {
      "species": "charizard",
      "gender": "FEMALE",
      "level": 55,
      "nature": "timid",
      "ability": "blaze",
      "moveset": [
        "flamethrower",
        "solarbeam",
        "airslash",
        "dragonpulse"
      ],
      "ivs": {
        "hp": 31,
        "atk": 31,
        "def": 31,
        "spa": 31,
        "spd": 31,
        "spe": 31
      },
      "evs": {
        "hp": 6,
        "spa": 252,
        "spe": 252
      },
      "heldItem": "expert_belt"
    }
  ]
}