{
  "name": "Rival Blue",
  "team": [
    {
      "species": "staraptor",
      "gender": "MALE",
      "level": 80,
      "nature": "jolly",
      "ability": "intimidate",
      "moveset": [
        "bravebird",
        "doubleedge",
        "uturn",
        "closecombat"
      ],
      "ivs": {
        "hp": 31,
        "atk": 31,
        "def": 31,
        "spa": 31,
        "spd": 31,
        "spe": 31
      },
      "evs": {
        "hp": 6,
        "atk": 252,
        "spe": 252
      },
      "heldItem": "choice_band"
    },
    {
      "species": "electivire",
      "gender": "FEMALE",
      "level": 80,
      "nature": "jolly",
      "ability": "ironfist",
      "moveset": [
        "plasmafists",
        "closecombat",
        "icepunch",
        "machpunch"
      ],
      "ivs": {
        "hp": 31,
        "atk": 31,
        "def": 31,
        "spa": 31,
        "spd": 31,
        "spe": 31
      },
      "evs": {
        "hp": 6,
        "atk": 252,
        "spe": 252
      },
      "heldItem": "expert_belt"
    },
    {
      "species": "azumarill",
      "gender": "FEMALE",
      "level": 81,
      "nature": "adamant",
      "ability": "hugepower",
      "moveset": [
        "aquajet",
        "icepunch",
        "playrough",
        "liquidation"
      ],
      "ivs": {
        "hp": 31,
        "atk": 31,
        "def": 31,
        "spa": 31,
        "spd": 31,
        "spe": 31
      },
      "evs": {
        "hp": 6,
        "atk": 252,
        "spe": 252
      },
      "heldItem": "mystic_water"
    },
    {
      "species": "darmanitan",
      "gender": "MALE",
      "level": 81,
      "nature": "jolly",
      "ability": "sheerforce",
      "moveset": [
        "flareblitz",
        "earthquake",
        "uturn",
        "rockslide"
      ],
      "ivs": {
        "hp": 31,
        "atk": 31,
        "def": 31,
        "spa": 31,
        "spd": 31,
        "spe": 31
      },
      "evs": {
        "hp": 6,
        "atk": 252,
        "spe": 252
      },
      "heldItem": "life_orb"
    },
    {
      "species": "kartana",
      "gender": "GENDERLESS",
      "level": 81,
      "nature": "adamant",
      "ability": "beastboost",
      "moveset": [
        "leafblade",
        "smartstrike",
        "sacredsword",
        "xscissor"
      ],
      "ivs": {
        "hp": 31,
        "atk": 31,
        "def": 31,
        "spa": 31,
        "spd": 31,
        "spe": 31
      },
      "evs": {
        "hp": 6,
        "atk": 252,
        "spe": 252
      },
      "heldItem": "choice_scarf"
    },
    {
      "species": "venusaur",
      "gender": "FEMALE",
      "level": 81,
      "nature": "modest",
      "ability": "overgrow",
      "moveset": [
        "gigadrain",
        "sludgebomb",
        "sleeppowder",
        "earthpower"
      ],
      "ivs": {
        "hp": 31,
        "atk": 31,
        "def": 31,
        "spa": 31,
        "spd": 31,
        "spe": 31
      },
      "evs": {
        "hp": 252,
        "spa": 252,
        "spe": 6
      },
      "heldItem": "leftovers"
    }
  ]
}