{
  "implemented": true,
  "nationalPokedexNumber": 426,
  "name": "Drifblim",
  "primaryType": "ghost",
  "secondaryType": "flying",
  "maleRatio": 0.5,
  "height": 12,
  "weight": 150,
  "pokedex": [
    "cobblemon.species.drifblim.desc"
  ],
  "labels": [
    "gen4"
  ],
  "aspects": [],
  "abilities": [
    "aftermath",
    "unburden",
    "h:flareboost"
  ],
  "eggGroups": [
    "amorphous"
  ],
  "baseStats": {
    "hp": 150,
    "attack": 80,
    "defence": 44,
    "special_attack": 90,
    "special_defence": 54,
    "speed": 80
  },
  "evYield": {
    "hp": 2,
    "attack": 0,
    "defence": 0,
    "special_attack": 0,
    "special_defence": 0,
    "speed": 0
  },
  "baseExperienceYield": 174,
  "experienceGroup": "fluctuating",
  "catchRate": 60,
  "eggCycles": 30,
  "baseFriendship": 50,
  "baseScale": 1,
  "hitbox": {
    "width": 1.6,
    "height": 3.25,
    "fixed": false
  },
  "behaviour": {
    "moving": {
      "fly": {
        "canFly": true
      }
    },
    "resting": {
      "canSleep": true,
      "light": "0-4"
    }
  },
  "drops": {
    "amount": 3,
    "entries": [
      {
        "item": "minecraft:wind_charge",
        "quantityRange": "2-4"
      },
      {
        "item": "minecraft:phantom_membrane",
        "percentage": 5.0
      },
      {
        "item": "cobblemon:kasib_berry",
        "percentage": 5.0
      },
      {
        "item": "cobblemon:air_balloon",
        "percentage": 5.0
      }
    ]
  },
  "moves": [
    "1:constrict",
    "1:minimize",
    "1:astonish",
    "1:gust",
    "1:focusenergy",
    "1:phantomforce",
    "1:strengthsap",
    "12:payback",
    "16:hex",
    "20:shadowball",
    "24:stockpile",
    "24:swallow",
    "24:spitup",
    "31:selfdestruct",
    "36:destinybond",
    "42:batonpass",
    "48:tailwind",
    "54:explosion",
    "egg:clearsmog",
    "egg:defog",
    "egg:disable",
    "egg:haze",
    "egg:hypnosis",
    "egg:memento",
    "tm:acrobatics",
    "tm:aerialace",
    "tm:aircutter",
    "tm:airslash",
    "tm:allyswitch",
    "tm:amnesia",
    "tm:batonpass",
    "tm:bind",
    "tm:bodyslam",
    "tm:brutalswing",
    "tm:calmmind",
    "tm:curse",
    "tm:cut",
    "tm:defog",
    "tm:dreameater",
    "tm:embargo",
    "tm:endure",
    "tm:explosion",
    "tm:facade",
    "tm:flash",
    "tm:fling",
    "tm:fly",
    "tm:focusenergy",
    "tm:gigaimpact",
    "tm:gyroball",
    "tm:haze",
    "tm:helpinghand",
    "tm:hex",
    "tm:hyperbeam",
    "tm:icywind",
    "tm:imprison",
    "tm:knockoff",
    "tm:magiccoat",
    "tm:nightshade",
    "tm:ominouswind",
    "tm:painsplit",
    "tm:payback",
    "tm:phantomforce",
    "tm:powershift",
    "tm:protect",
    "tm:psybeam",
    "tm:psychic",
    "tm:raindance",
    "tm:recycle",
    "tm:rest",
    "tm:rollout",
    "tm:selfdestruct",
    "tm:shadowball",
    "tm:shockwave",
    "tm:silverwind",
    "tm:skillswap",
    "tm:sleeptalk",
    "tm:spite",
    "tm:storedpower",
    "tm:substitute",
    "tm:suckerpunch",
    "tm:sunnyday",
    "tm:swift",
    "tm:tailwind",
    "tm:telekinesis",
    "tm:temperflare",
    "tm:terablast",
    "tm:thief",
    "tm:thunder",
    "tm:thunderbolt",
    "tm:thunderwave",
    "tm:trick",
    "tm:trickroom",
    "tm:weatherball",
    "tm:willowisp",
    "tutor:aerialace",
    "tutor:aircutter",
    "tutor:allyswitch",
    "tutor:bind",
    "tutor:calmmind",
    "tutor:defog",
    "tutor:focusenergy",
    "tutor:gigaimpact",
    "tutor:helpinghand",
    "tutor:hyperbeam",
    "tutor:icywind",
    "tutor:knockoff",
    "tutor:magiccoat",
    "tutor:ominouswind",
    "tutor:painsplit",
    "tutor:powershift",
    "tutor:psychic",
    "tutor:recycle",
    "tutor:rest",
    "tutor:rollout",
    "tutor:shadowball",
    "tutor:shockwave",
    "tutor:skillswap",
    "tutor:sleeptalk",
    "tutor:spite",
    "tutor:suckerpunch",
    "tutor:swift",
    "tutor:tailwind",
    "tutor:telekinesis",
    "tutor:thunderbolt",
    "tutor:trick"
  ],
  "preEvolution": "drifloon",
  "evolutions": []
}