{
  "implemented": true,
  "nationalPokedexNumber": 475,
  "name": "Gallade",
  "primaryType": "psychic",
  "secondaryType": "fighting",
  "maleRatio": 1,
  "height": 16,
  "weight": 520,
  "pokedex": [
    "cobblemon.species.gallade.desc"
  ],
  "labels": [
    "gen4"
  ],
  "aspects": [],
  "abilities": [
    "steadfast",
    "sharpness",
    "h:justified"
  ],
  "eggGroups": [
    "human_like",
    "amorphous"
  ],
  "baseStats": {
    "hp": 68,
    "attack": 125,
    "defence": 65,
    "special_attack": 65,
    "special_defence": 115,
    "speed": 80
  },
  "evYield": {
    "hp": 0,
    "attack": 3,
    "defence": 0,
    "special_attack": 0,
    "special_defence": 0,
    "speed": 0
  },
  "baseExperienceYield": 259,
  "experienceGroup": "slow",
  "catchRate": 45,
  "eggCycles": 20,
  "baseFriendship": 35,
  "baseScale": 1,
  "hitbox": {
    "width": 0.6,
    "height": 2.25,
    "fixed": false
  },
  "behaviour": {
    "resting": {
      "canSleep": true,
      "light": "0-4"
    }
  },
  "drops": {
    "amount": 6,
    "entries": [
      {
        "item": "minecraft:ender_pearl",
        "quantityRange": "2-4"
      },
      {
        "item": "cobblemon:dawn_stone",
        "percentage": 10.0
      },
      {
        "item": "cobblemon:twisted_spoon",
        "percentage": 10.0
      },
      {
        "item": "cobblemon:kasib_berry",
        "percentage": 10.0
      }
    ]
  },
  "moves": [
    "1:leafblade",
    "1:nightslash",
    "1:leer",
    "1:confusion",
    "1:doubleteam",
    "1:furycutter",
    "1:slash",
    "1:psychic",
    "1:dreameater",
    "1:calmmind",
    "1:growl",
    "1:disarmingvoice",
    "1:hypnosis",
    "1:drainingkiss",
    "1:imprison",
    "1:psybeam",
    "1:lifedew",
    "1:charm",
    "1:futuresight",
    "1:sacredsword",
    "1:aquacutter",
    "1:luckychant",
    "9:helpinghand",
    "12:feint",
    "15:teleport",
    "18:aerialace",
    "23:falseswipe",
    "28:protect",
    "35:swordsdance",
    "42:psychocut",
    "49:healpulse",
    "56:quickguard",
    "56:wideguard",
    "63:closecombat",
    "egg:confuseray",
    "egg:destinybond",
    "egg:disable",
    "egg:grudge",
    "egg:knockoff",
    "egg:meanlook",
    "egg:memento",
    "egg:mysticalfire",
    "egg:shadowsneak",
    "egg:synchronoise",
    "tm:aerialace",
    "tm:agility",
    "tm:airslash",
    "tm:alluringvoice",
    "tm:allyswitch",
    "tm:aurasphere",
    "tm:bodyslam",
    "tm:brickbreak",
    "tm:bulkup",
    "tm:bulldoze",
    "tm:calmmind",
    "tm:chargebeam",
    "tm:charm",
    "tm:closecombat",
    "tm:coaching",
    "tm:confuseray",
    "tm:cut",
    "tm:dazzlinggleam",
    "tm:disarmingvoice",
    "tm:doubleteam",
    "tm:drainingkiss",
    "tm:drainpunch",
    "tm:dreameater",
    "tm:dualchop",
    "tm:earthquake",
    "tm:echoedvoice",
    "tm:encore",
    "tm:endure",
    "tm:energyball",
    "tm:expandingforce",
    "tm:facade",
    "tm:falseswipe",
    "tm:firepunch",
    "tm:flash",
    "tm:fling",
    "tm:focusblast",
    "tm:focuspunch",
    "tm:furycutter",
    "tm:futuresight",
    "tm:gigaimpact",
    "tm:grassknot",
    "tm:headbutt",
    "tm:helpinghand",
    "tm:hex",
    "tm:hyperbeam",
    "tm:hypervoice",
    "tm:icepunch",
    "tm:icywind",
    "tm:imprison",
    "tm:knockoff",
    "tm:laserfocus",
    "tm:leafblade",
    "tm:lightscreen",
    "tm:lowkick",
    "tm:lowsweep",
    "tm:magicalleaf",
    "tm:magiccoat",
    "tm:magicroom",
    "tm:megakick",
    "tm:megapunch",
    "tm:metronome",
    "tm:mistyterrain",
    "tm:mysticalfire",
    "tm:nightshade",
    "tm:painsplit",
    "tm:poisonjab",
    "tm:poweruppunch",
    "tm:protect",
    "tm:psybeam",
    "tm:psychic",
    "tm:psychicterrain",
    "tm:psychocut",
    "tm:psychup",
    "tm:psyshock",
    "tm:raindance",
    "tm:recycle",
    "tm:reflect",
    "tm:rest",
    "tm:retaliate",
    "tm:revenge",
    "tm:reversal",
    "tm:rockslide",
    "tm:rocksmash",
    "tm:rocktomb",
    "tm:safeguard",
    "tm:shadowball",
    "tm:shadowclaw",
    "tm:shockwave",
    "tm:signalbeam",
    "tm:skillswap",
    "tm:sleeptalk",
    "tm:snatch",
    "tm:solarblade",
    "tm:stoneedge",
    "tm:storedpower",
    "tm:strength",
    "tm:substitute",
    "tm:sunnyday",
    "tm:swift",
    "tm:swordsdance",
    "tm:takedown",
    "tm:taunt",
    "tm:telekinesis",
    "tm:terablast",
    "tm:thief",
    "tm:throatchop",
    "tm:thunderbolt",
    "tm:thunderpunch",
    "tm:thunderwave",
    "tm:torment",
    "tm:trick",
    "tm:trickroom",
    "tm:tripleaxel",
    "tm:upperhand",
    "tm:vacuumwave",
    "tm:willowisp",
    "tm:wonderroom",
    "tm:workup",
    "tm:xscissor",
    "tm:zenheadbutt",
    "tutor:aerialace",
    "tutor:allyswitch",
    "tutor:bulkup",
    "tutor:bulldoze",
    "tutor:calmmind",
    "tutor:chargebeam",
    "tutor:coaching",
    "tutor:dazzlinggleam",
    "tutor:drainpunch",
    "tutor:dualchop",
    "tutor:energyball",
    "tutor:expandingforce",
    "tutor:falseswipe",
    "tutor:firepunch",
    "tutor:focuspunch",
    "tutor:furycutter",
    "tutor:gigaimpact",
    "tutor:helpinghand",
    "tutor:hyperbeam",
    "tutor:hypervoice",
    "tutor:icepunch",
    "tutor:icywind",
    "tutor:knockoff",
    "tutor:laserfocus",
    "tutor:lowkick",
    "tutor:magicalleaf",
    "tutor:magiccoat",
    "tutor:magicroom",
    "tutor:mysticalfire",
    "tutor:painsplit",
    "tutor:poisonjab",
    "tutor:psychic",
    "tutor:psychocut",
    "tutor:recycle",
    "tutor:rest",
    "tutor:rockslide",
    "tutor:rocksmash",
    "tutor:shadowball",
    "tutor:shadowclaw",
    "tutor:shockwave",
    "tutor:signalbeam",
    "tutor:skillswap",
    "tutor:sleeptalk",
    "tutor:snatch",
    "tutor:stoneedge",
    "tutor:swift",
    "tutor:telekinesis",
    "tutor:throatchop",
    "tutor:thunderbolt",
    "tutor:thunderpunch",
    "tutor:trick",
    "tutor:tripleaxel",
    "tutor:vacuumwave",
    "tutor:wonderroom",
    "tutor:xscissor",
    "tutor:zenheadbutt"
  ],
  "preEvolution": "kirlia",
  "evolutions": [],
  "forms": [
    {
      "name": "Mega",
      "primaryType": "psychic",
      "secondaryType": "fighting",
      "maleRatio": 1,
      "height": 16,
      "weight": 564,
      "pokedex": [
        "cobblemon.species.gallade-mega.desc"
      ],
      "labels": [
        "gen6",
        "mega"
      ],
      "aspects": [
        "mega"
      ],
      "abilities": [
        "innerfocus",
        "h:innerfocus"
      ],
      "eggGroups": [
        "amorphous",
        "human_like"
      ],
      "baseStats": {
        "hp": 68,
        "attack": 165,
        "defence": 95,
        "special_attack": 65,
        "special_defence": 115,
        "speed": 110
      },
      "baseExperienceYield": 309,
      "dynamaxBlocked": true,
      "evolutions": [],
      "battleOnly": true
    }
  ]
}