{
  "implemented": true,
  "nationalPokedexNumber": 463,
  "name": "Lickilicky",
  "primaryType": "normal",
  "maleRatio": 0.5,
  "height": 17,
  "weight": 1400,
  "pokedex": [
    "cobblemon.species.lickilicky.desc"
  ],
  "labels": [
    "gen4"
  ],
  "aspects": [],
  "abilities": [
    "owntempo",
    "oblivious",
    "h:cloudnine"
  ],
  "eggGroups": [
    "monster"
  ],
  "baseStats": {
    "hp": 110,
    "attack": 85,
    "defence": 95,
    "special_attack": 80,
    "special_defence": 95,
    "speed": 50
  },
  "evYield": {
    "hp": 3,
    "attack": 0,
    "defence": 0,
    "special_attack": 0,
    "special_defence": 0,
    "speed": 0
  },
  "baseExperienceYield": 180,
  "experienceGroup": "medium_fast",
  "catchRate": 30,
  "eggCycles": 20,
  "baseFriendship": 50,
  "baseScale": 1.1,
  "hitbox": {
    "width": 1.4,
    "height": 2.6,
    "fixed": false
  },
  "behaviour": {
    "moving": {
      "walk": {
        "walkSpeed": 0.2
      }
    },
    "resting": {
      "canSleep": true,
      "light": "0-4"
    }
  },
  "drops": {
    "amount": 3,
    "entries": [
      {
        "item": "minecraft:slime_ball",
        "quantityRange": "2-4"
      },
      {
        "item": "cobblemon:oran_berry",
        "percentage": 5.0
      }
    ]
  },
  "moves": [
    "1:lick",
    "1:supersonic",
    "1:defensecurl",
    "1:rollout",
    "1:mefirst",
    "1:refresh",
    "1:wringout",
    "1:chipaway",
    "18:wrap",
    "24:disable",
    "30:stomp",
    "36:knockoff",
    "42:screech",
    "48:slam",
    "54:powerwhip",
    "60:bellydrum",
    "egg:belch",
    "egg:chipaway",
    "egg:curse",
    "egg:hammerarm",
    "egg:magnitude",
    "egg:mefirst",
    "egg:refresh",
    "egg:smellingsalts",
    "egg:snore",
    "egg:thrash",
    "egg:wringout",
    "tm:amnesia",
    "tm:aquatail",
    "tm:bind",
    "tm:blizzard",
    "tm:block",
    "tm:bodypress",
    "tm:bodyslam",
    "tm:brickbreak",
    "tm:brutalswing",
    "tm:bulldoze",
    "tm:curse",
    "tm:cut",
    "tm:dig",
    "tm:dragontail",
    "tm:dreameater",
    "tm:earthquake",
    "tm:endure",
    "tm:explosion",
    "tm:facade",
    "tm:fireblast",
    "tm:firepunch",
    "tm:flamethrower",
    "tm:fling",
    "tm:focusblast",
    "tm:focuspunch",
    "tm:gigaimpact",
    "tm:gyroball",
    "tm:headbutt",
    "tm:helpinghand",
    "tm:hydropump",
    "tm:hyperbeam",
    "tm:iceball",
    "tm:icebeam",
    "tm:icepunch",
    "tm:icywind",
    "tm:incinerate",
    "tm:irontail",
    "tm:knockoff",
    "tm:megakick",
    "tm:megapunch",
    "tm:muddywater",
    "tm:mudslap",
    "tm:poweruppunch",
    "tm:powerwhip",
    "tm:protect",
    "tm:psychup",
    "tm:raindance",
    "tm:rest",
    "tm:retaliate",
    "tm:rockclimb",
    "tm:rockslide",
    "tm:rocksmash",
    "tm:rocktomb",
    "tm:rollout",
    "tm:sandstorm",
    "tm:screech",
    "tm:selfdestruct",
    "tm:shadowball",
    "tm:shockwave",
    "tm:sleeptalk",
    "tm:snore",
    "tm:solarbeam",
    "tm:steelroller",
    "tm:stompingtantrum",
    "tm:strength",
    "tm:substitute",
    "tm:sunnyday",
    "tm:surf",
    "tm:swordsdance",
    "tm:terablast",
    "tm:terrainpulse",
    "tm:thief",
    "tm:thunder",
    "tm:thunderbolt",
    "tm:thunderpunch",
    "tm:waterpulse",
    "tm:whirlpool",
    "tm:workup",
    "tm:zenheadbutt",
    "tutor:aquatail",
    "tutor:bind",
    "tutor:block",
    "tutor:bulldoze",
    "tutor:firepunch",
    "tutor:flamethrower",
    "tutor:focuspunch",
    "tutor:gigaimpact",
    "tutor:helpinghand",
    "tutor:hyperbeam",
    "tutor:iceball",
    "tutor:icebeam",
    "tutor:icepunch",
    "tutor:icywind",
    "tutor:irontail",
    "tutor:knockoff",
    "tutor:mudslap",
    "tutor:rest",
    "tutor:rockslide",
    "tutor:rocksmash",
    "tutor:rollout",
    "tutor:shadowball",
    "tutor:shockwave",
    "tutor:sleeptalk",
    "tutor:snore",
    "tutor:steelroller",
    "tutor:stompingtantrum",
    "tutor:terrainpulse",
    "tutor:thunderbolt",
    "tutor:thunderpunch",
    "tutor:waterpulse",
    "tutor:zenheadbutt"
  ],
  "preEvolution": "lickitung",
  "evolutions": []
}