{
  "implemented": true,
  "nationalPokedexNumber": 116,
  "name": "Horsea",
  "primaryType": "water",
  "maleRatio": 0.5,
  "height": 4,
  "weight": 80,
  "pokedex": [
    "cobblemon.species.horsea.desc"
  ],
  "labels": [
    "gen1"
  ],
  "aspects": [],
  "abilities": [
    "swiftswim",
    "sniper",
    "h:damp"
  ],
  "eggGroups": [
    "water_1",
    "dragon"
  ],
  "baseStats": {
    "hp": 30,
    "attack": 40,
    "defence": 70,
    "special_attack": 70,
    "special_defence": 25,
    "speed": 60
  },
  "evYield": {
    "hp": 0,
    "attack": 0,
    "defence": 0,
    "special_attack": 1,
    "special_defence": 0,
    "speed": 0
  },
  "baseExperienceYield": 59,
  "experienceGroup": "medium_fast",
  "catchRate": 225,
  "eggCycles": 20,
  "baseFriendship": 50,
  "baseScale": 0.55,
  "hitbox": {
    "width": 0.5,
    "height": 1.1,
    "fixed": false
  },
  "behaviour": {
    "moving": {
      "walk": {
        "walkSpeed": 0.2
      },
      "swim": {
        "canBreatheUnderwater": true,
        "canSwimInWater": true,
        "canSwimInLava": false,
        "swimSpeed": "0.2"
      }
    }
  },
  "drops": {
    "amount": 3,
    "entries": [
      {
        "item": "minecraft:ink_sac",
        "quantityRange": "0-1"
      },
      {
        "item": "minecraft:prismarine_shard",
        "quantityRange": "3-8"
      },
      {
        "item": "cobblemon:dragon_scale",
        "percentage": 2.5
      }
    ]
  },
  "moves": [
    "1:bubble",
    "1:leer",
    "1:watergun",
    "5:smokescreen",
    "10:twister",
    "15:focusenergy",
    "20:dragonbreath",
    "25:bubblebeam",
    "30:agility",
    "35:waterpulse",
    "40:dragonpulse",
    "45:hydropump",
    "50:dragondance",
    "55:raindance",
    "egg:aurorabeam",
    "egg:clearsmog",
    "egg:disable",
    "egg:dragonrage",
    "egg:flail",
    "egg:octazooka",
    "egg:razorwind",
    "egg:splash",
    "tm:agility",
    "tm:blizzard",
    "tm:bounce",
    "tm:brine",
    "tm:chillingwater",
    "tm:dive",
    "tm:dragondance",
    "tm:dragonpulse",
    "tm:endure",
    "tm:facade",
    "tm:flashcannon",
    "tm:flipturn",
    "tm:focusenergy",
    "tm:hail",
    "tm:headbutt",
    "tm:hydropump",
    "tm:icebeam",
    "tm:icywind",
    "tm:laserfocus",
    "tm:liquidation",
    "tm:muddywater",
    "tm:outrage",
    "tm:protect",
    "tm:raindance",
    "tm:rest",
    "tm:scaleshot",
    "tm:signalbeam",
    "tm:sleeptalk",
    "tm:substitute",
    "tm:surf",
    "tm:swift",
    "tm:terablast",
    "tm:twister",
    "tm:waterfall",
    "tm:waterpulse",
    "tm:weatherball",
    "tm:whirlpool",
    "tutor:bounce",
    "tutor:dive",
    "tutor:dragonpulse",
    "tutor:flashcannon",
    "tutor:flipturn",
    "tutor:focusenergy",
    "tutor:icebeam",
    "tutor:icywind",
    "tutor:laserfocus",
    "tutor:liquidation",
    "tutor:outrage",
    "tutor:rest",
    "tutor:scaleshot",
    "tutor:signalbeam",
    "tutor:sleeptalk",
    "tutor:swift",
    "tutor:twister",
    "tutor:waterpulse"
  ],
  "evolutions": [
    {
      "id": "horsea_seadra",
      "variant": "level_up",
      "result": "seadra",
      "consumeHeldItem": false,
      "learnableMoves": [],
      "requirements": [
        {
          "variant": "level",
          "minLevel": 32
        }
      ]
    }
  ]
}