{
  "implemented": true,
  "nationalPokedexNumber": 64,
  "name": "Kadabra",
  "primaryType": "psychic",
  "maleRatio": 0.75,
  "height": 13,
  "weight": 565,
  "pokedex": [
    "cobblemon.species.kadabra.desc"
  ],
  "labels": [
    "gen1"
  ],
  "aspects": [],
  "abilities": [
    "synchronize",
    "innerfocus",
    "h:magicguard"
  ],
  "eggGroups": [
    "human_like"
  ],
  "baseStats": {
    "hp": 40,
    "attack": 35,
    "defence": 30,
    "special_attack": 120,
    "special_defence": 70,
    "speed": 105
  },
  "evYield": {
    "hp": 0,
    "attack": 0,
    "defence": 0,
    "special_attack": 2,
    "special_defence": 0,
    "speed": 0
  },
  "baseExperienceYield": 140,
  "experienceGroup": "medium_slow",
  "catchRate": 100,
  "eggCycles": 20,
  "baseFriendship": 50,
  "baseScale": 0.85,
  "hitbox": {
    "width": 1,
    "height": 1.4,
    "fixed": false
  },
  "drops": {
    "amount": 4,
    "entries": [
      {
        "item": "minecraft:ender_pearl",
        "quantityRange": "1-3"
      },
      {
        "item": "cobblemon:twisted_spoon",
        "percentage": 5.0
      },
      {
        "item": "cobblemon:kasib_berry",
        "percentage": 5.0
      }
    ]
  },
  "moves": [
    "1:teleport",
    "1:kinesis",
    "1:confusion",
    "1:disable",
    "1:miracleeye",
    "5:psybeam",
    "10:reflect",
    "15:allyswitch",
    "20:psychocut",
    "25:recover",
    "30:psyshock",
    "35:psychic",
    "40:roleplay",
    "45:futuresight",
    "50:calmmind",
    "egg:barrier",
    "egg:confusion",
    "egg:guardsplit",
    "egg:magiccoat",
    "egg:powertrick",
    "egg:psychoshift",
    "tm:allyswitch",
    "tm:bodyslam",
    "tm:calmmind",
    "tm:chargebeam",
    "tm:dazzlinggleam",
    "tm:drainpunch",
    "tm:dreameater",
    "tm:embargo",
    "tm:encore",
    "tm:endure",
    "tm:energyball",
    "tm:expandingforce",
    "tm:facade",
    "tm:firepunch",
    "tm:flash",
    "tm:fling",
    "tm:focuspunch",
    "tm:foulplay",
    "tm:futuresight",
    "tm:grassknot",
    "tm:gravity",
    "tm:guardswap",
    "tm:headbutt",
    "tm:icepunch",
    "tm:irontail",
    "tm:knockoff",
    "tm:lightscreen",
    "tm:magiccoat",
    "tm:magicroom",
    "tm:megakick",
    "tm:megapunch",
    "tm:metronome",
    "tm:powerswap",
    "tm:protect",
    "tm:psybeam",
    "tm:psychic",
    "tm:psychicterrain",
    "tm:psychocut",
    "tm:psychup",
    "tm:psyshock",
    "tm:raindance",
    "tm:recycle",
    "tm:reflect",
    "tm:rest",
    "tm:roleplay",
    "tm:safeguard",
    "tm:shadowball",
    "tm:shockwave",
    "tm:signalbeam",
    "tm:skillswap",
    "tm:sleeptalk",
    "tm:snatch",
    "tm:speedswap",
    "tm:substitute",
    "tm:sunnyday",
    "tm:swift",
    "tm:taunt",
    "tm:telekinesis",
    "tm:terablast",
    "tm:thief",
    "tm:thunderpunch",
    "tm:thunderwave",
    "tm:torment",
    "tm:triattack",
    "tm:trick",
    "tm:trickroom",
    "tm:wonderroom",
    "tm:zenheadbutt",
    "tutor:allyswitch",
    "tutor:calmmind",
    "tutor:chargebeam",
    "tutor:dazzlinggleam",
    "tutor:drainpunch",
    "tutor:energyball",
    "tutor:expandingforce",
    "tutor:firepunch",
    "tutor:focuspunch",
    "tutor:foulplay",
    "tutor:gravity",
    "tutor:icepunch",
    "tutor:irontail",
    "tutor:knockoff",
    "tutor:magiccoat",
    "tutor:magicroom",
    "tutor:psychic",
    "tutor:psychocut",
    "tutor:recycle",
    "tutor:rest",
    "tutor:roleplay",
    "tutor:shadowball",
    "tutor:shockwave",
    "tutor:signalbeam",
    "tutor:skillswap",
    "tutor:sleeptalk",
    "tutor:snatch",
    "tutor:swift",
    "tutor:telekinesis",
    "tutor:thunderpunch",
    "tutor:trick",
    "tutor:wonderroom",
    "tutor:zenheadbutt"
  ],
  "preEvolution": "abra",
  "evolutions": [
    {
      "id": "kadabra_alakazam",
      "variant": "trade",
      "result": "alakazam",
      "consumeHeldItem": false,
      "learnableMoves": [
        "kinesis"
      ],
      "requirements": []
    }
  ]
}