{
  "implemented": true,
  "nationalPokedexNumber": 89,
  "name": "Muk",
  "primaryType": "poison",
  "maleRatio": 0.5,
  "height": 12,
  "weight": 300,
  "pokedex": [
    "cobblemon.species.muk.desc"
  ],
  "labels": [
    "gen1",
    "kantonian_form"
  ],
  "aspects": [],
  "abilities": [
    "stench",
    "stickyhold",
    "h:poisontouch"
  ],
  "eggGroups": [
    "amorphous"
  ],
  "baseStats": {
    "hp": 105,
    "attack": 105,
    "defence": 75,
    "special_attack": 65,
    "special_defence": 100,
    "speed": 50
  },
  "evYield": {
    "hp": 1,
    "attack": 1,
    "defence": 0,
    "special_attack": 0,
    "special_defence": 0,
    "speed": 0
  },
  "baseExperienceYield": 175,
  "experienceGroup": "medium_fast",
  "catchRate": 75,
  "eggCycles": 20,
  "baseFriendship": 50,
  "features": [
    "alolan"
  ],
  "baseScale": 1.4,
  "hitbox": {
    "width": 1.4,
    "height": 1,
    "fixed": false
  },
  "behaviour": {
    "moving": {
      "swim": {
        "canWalkOnWater": true,
        "canSwimInWater": true
      }
    }
  },
  "drops": {
    "amount": 4,
    "entries": [
      {
        "item": "minecraft:slime_ball",
        "quantityRange": "2-4"
      },
      {
        "item": "cobblemon:black_sludge",
        "percentage": 5.0
      },
      {
        "item": "cobblemon:toxic_orb",
        "percentage": 5.0
      }
    ]
  },
  "moves": [
    "1:poisongas",
    "1:pound",
    "1:harden",
    "1:mudslap",
    "1:mudbomb",
    "1:venomdrench",
    "12:disable",
    "15:sludge",
    "18:mudshot",
    "21:minimize",
    "26:toxic",
    "29:sludgebomb",
    "32:sludgewave",
    "37:screech",
    "40:gunkshot",
    "46:acidarmor",
    "52:belch",
    "57:memento",
    "egg:acidspray",
    "egg:curse",
    "egg:haze",
    "egg:lick",
    "egg:meanlook",
    "egg:shadowpunch",
    "egg:shadowsneak",
    "egg:spitup",
    "egg:stockpile",
    "egg:swallow",
    "tm:acidspray",
    "tm:assurance",
    "tm:block",
    "tm:bodyslam",
    "tm:brickbreak",
    "tm:brutalswing",
    "tm:confuseray",
    "tm:curse",
    "tm:darkpulse",
    "tm:dig",
    "tm:drainpunch",
    "tm:endure",
    "tm:explosion",
    "tm:facade",
    "tm:fireblast",
    "tm:firepunch",
    "tm:flamethrower",
    "tm:fling",
    "tm:focusblast",
    "tm:focuspunch",
    "tm:gigadrain",
    "tm:gigaimpact",
    "tm:gunkshot",
    "tm:haze",
    "tm:helpinghand",
    "tm:hex",
    "tm:hyperbeam",
    "tm:icepunch",
    "tm:imprison",
    "tm:incinerate",
    "tm:infestation",
    "tm:knockoff",
    "tm:lashout",
    "tm:lunge",
    "tm:metronome",
    "tm:mudshot",
    "tm:mudslap",
    "tm:painsplit",
    "tm:payback",
    "tm:poisonjab",
    "tm:poweruppunch",
    "tm:protect",
    "tm:raindance",
    "tm:rest",
    "tm:rockslide",
    "tm:rocksmash",
    "tm:rocktomb",
    "tm:sandstorm",
    "tm:scaryface",
    "tm:screech",
    "tm:selfdestruct",
    "tm:shadowball",
    "tm:shockwave",
    "tm:sleeptalk",
    "tm:sludgebomb",
    "tm:sludgewave",
    "tm:smog",
    "tm:spite",
    "tm:strength",
    "tm:substitute",
    "tm:sunnyday",
    "tm:swift",
    "tm:takedown",
    "tm:taunt",
    "tm:terablast",
    "tm:thief",
    "tm:thunder",
    "tm:thunderbolt",
    "tm:thunderpunch",
    "tm:torment",
    "tm:toxic",
    "tm:toxicspikes",
    "tm:venomdrench",
    "tm:venoshock",
    "tm:zenheadbutt",
    "tutor:block",
    "tutor:darkpulse",
    "tutor:drainpunch",
    "tutor:firepunch",
    "tutor:flamethrower",
    "tutor:focuspunch",
    "tutor:gigadrain",
    "tutor:gigaimpact",
    "tutor:gunkshot",
    "tutor:helpinghand",
    "tutor:hyperbeam",
    "tutor:icepunch",
    "tutor:knockoff",
    "tutor:lashout",
    "tutor:mudslap",
    "tutor:painsplit",
    "tutor:poisonjab",
    "tutor:rest",
    "tutor:rockslide",
    "tutor:rocksmash",
    "tutor:shadowball",
    "tutor:shockwave",
    "tutor:sleeptalk",
    "tutor:sludgebomb",
    "tutor:spikes",
    "tutor:spite",
    "tutor:swift",
    "tutor:thunderbolt",
    "tutor:thunderpunch",
    "tutor:zenheadbutt"
  ],
  "preEvolution": "grimer",
  "evolutions": [],
  "forms": [
    {
      "name": "Alola",
      "primaryType": "poison",
      "secondaryType": "dark",
      "maleRatio": 0.5,
      "height": 10,
      "weight": 520,
      "pokedex": [
        "cobblemon.species.muk-alola.desc"
      ],
      "labels": [
        "gen7",
        "alolan_form"
      ],
      "aspects": [
        "alolan"
      ],
      "abilities": [
        "poisontouch",
        "gluttony",
        "h:powerofalchemy"
      ],
      "moves": [
        "1:venomdrench",
        "1:pound",
        "1:poisongas",
        "1:harden",
        "1:bite",
        "12:disable",
        "15:acidspray",
        "18:poisonfang",
        "21:minimize",
        "26:toxic",
        "29:knockoff",
        "32:crunch",
        "37:screech",
        "40:gunkshot",
        "46:acidarmor",
        "52:belch",
        "57:memento",
        "egg:assurance",
        "egg:clearsmog",
        "egg:curse",
        "egg:meanlook",
        "egg:pursuit",
        "egg:recycle",
        "egg:shadowsneak",
        "egg:spite",
        "egg:spitup",
        "egg:stockpile",
        "egg:swallow",
        "tm:acidspray",
        "tm:assurance",
        "tm:block",
        "tm:bodyslam",
        "tm:brickbreak",
        "tm:brutalswing",
        "tm:crunch",
        "tm:curse",
        "tm:darkpulse",
        "tm:dig",
        "tm:drainpunch",
        "tm:embargo",
        "tm:endure",
        "tm:explosion",
        "tm:facade",
        "tm:fireblast",
        "tm:firepunch",
        "tm:flamethrower",
        "tm:fling",
        "tm:focusblast",
        "tm:focuspunch",
        "tm:gastroacid",
        "tm:gigadrain",
        "tm:gigaimpact",
        "tm:gunkshot",
        "tm:haze",
        "tm:helpinghand",
        "tm:hex",
        "tm:hyperbeam",
        "tm:icepunch",
        "tm:imprison",
        "tm:infestation",
        "tm:knockoff",
        "tm:lashout",
        "tm:metronome",
        "tm:mudshot",
        "tm:mudslap",
        "tm:painsplit",
        "tm:payback",
        "tm:poisonjab",
        "tm:protect",
        "tm:quash",
        "tm:raindance",
        "tm:recycle",
        "tm:rest",
        "tm:rockpolish",
        "tm:rockslide",
        "tm:rocktomb",
        "tm:sandstorm",
        "tm:scaryface",
        "tm:screech",
        "tm:selfdestruct",
        "tm:shadowball",
        "tm:shockwave",
        "tm:sleeptalk",
        "tm:sludgebomb",
        "tm:sludgewave",
        "tm:snarl",
        "tm:spite",
        "tm:stoneedge",
        "tm:substitute",
        "tm:sunnyday",
        "tm:swift",
        "tm:takedown",
        "tm:taunt",
        "tm:terablast",
        "tm:thief",
        "tm:thunder",
        "tm:thunderbolt",
        "tm:thunderpunch",
        "tm:torment",
        "tm:toxic",
        "tm:venomdrench",
        "tm:venoshock",
        "tm:zenheadbutt",
        "tutor:block",
        "tutor:darkpulse",
        "tutor:drainpunch",
        "tutor:firepunch",
        "tutor:flamethrower",
        "tutor:focuspunch",
        "tutor:gastroacid",
        "tutor:gigadrain",
        "tutor:gigaimpact",
        "tutor:gunkshot",
        "tutor:helpinghand",
        "tutor:hyperbeam",
        "tutor:icepunch",
        "tutor:knockoff",
        "tutor:lashout",
        "tutor:mudslap",
        "tutor:painsplit",
        "tutor:poisonjab",
        "tutor:recycle",
        "tutor:rest",
        "tutor:rockslide",
        "tutor:shadowball",
        "tutor:shockwave",
        "tutor:sleeptalk",
        "tutor:sludgebomb",
        "tutor:snarl",
        "tutor:spite",
        "tutor:stoneedge",
        "tutor:swift",
        "tutor:thunderbolt",
        "tutor:thunderpunch",
        "tutor:zenheadbutt"
      ],
      "preEvolution": "grimer alolan",
      "evolutions": [],
      "battleOnly": false
    }
  ]
}