{
  "implemented": true,
  "nationalPokedexNumber": 117,
  "name": "Seadra",
  "primaryType": "water",
  "maleRatio": 0.5,
  "height": 12,
  "weight": 250,
  "pokedex": [
    "cobblemon.species.seadra.desc"
  ],
  "labels": [
    "gen1"
  ],
  "aspects": [],
  "abilities": [
    "poisonpoint",
    "sniper",
    "h:damp"
  ],
  "eggGroups": [
    "water_1",
    "dragon"
  ],
  "baseStats": {
    "hp": 55,
    "attack": 65,
    "defence": 95,
    "special_attack": 95,
    "special_defence": 45,
    "speed": 85
  },
  "evYield": {
    "hp": 0,
    "attack": 0,
    "defence": 1,
    "special_attack": 1,
    "special_defence": 0,
    "speed": 0
  },
  "baseExperienceYield": 154,
  "experienceGroup": "medium_fast",
  "catchRate": 75,
  "eggCycles": 20,
  "baseFriendship": 50,
  "baseScale": 0.8,
  "hitbox": {
    "width": 0.8,
    "height": 1.5,
    "fixed": false
  },
  "behaviour": {
    "moving": {
      "walk": {
        "walkSpeed": 0.2
      },
      "swim": {
        "canBreatheUnderwater": true,
        "canSwimInWater": true,
        "canSwimInLava": false,
        "swimSpeed": "0.2"
      }
    }
  },
  "drops": {
    "amount": 5,
    "entries": [
      {
        "item": "minecraft:ink_sac",
        "quantityRange": "0-2"
      },
      {
        "item": "minecraft:prismarine_shard",
        "quantityRange": "3-8"
      },
      {
        "item": "cobblemon:dragon_scale",
        "percentage": 5.0
      }
    ]
  },
  "moves": [
    "1:bubble",
    "1:smokescreen",
    "1:leer",
    "1:watergun",
    "1:twister",
    "15:focusenergy",
    "20:dragonbreath",
    "25:bubblebeam",
    "30:agility",
    "37:waterpulse",
    "44:dragonpulse",
    "51:hydropump",
    "58:dragondance",
    "65:raindance",
    "egg:aurorabeam",
    "egg:clearsmog",
    "egg:disable",
    "egg:dragonrage",
    "egg:flail",
    "egg:octazooka",
    "egg:razorwind",
    "egg:splash",
    "tm:agility",
    "tm:blizzard",
    "tm:bounce",
    "tm:brine",
    "tm:chillingwater",
    "tm:dive",
    "tm:dragondance",
    "tm:dragonpulse",
    "tm:endure",
    "tm:facade",
    "tm:flashcannon",
    "tm:flipturn",
    "tm:focusenergy",
    "tm:gigaimpact",
    "tm:hail",
    "tm:headbutt",
    "tm:hydropump",
    "tm:hyperbeam",
    "tm:icebeam",
    "tm:icywind",
    "tm:laserfocus",
    "tm:liquidation",
    "tm:muddywater",
    "tm:outrage",
    "tm:protect",
    "tm:raindance",
    "tm:rest",
    "tm:scaleshot",
    "tm:scaryface",
    "tm:signalbeam",
    "tm:sleeptalk",
    "tm:snowscape",
    "tm:substitute",
    "tm:surf",
    "tm:swift",
    "tm:terablast",
    "tm:twister",
    "tm:waterfall",
    "tm:waterpulse",
    "tm:weatherball",
    "tm:whirlpool",
    "tutor:bounce",
    "tutor:dive",
    "tutor:dragonpulse",
    "tutor:flashcannon",
    "tutor:flipturn",
    "tutor:focusenergy",
    "tutor:gigaimpact",
    "tutor:hyperbeam",
    "tutor:icebeam",
    "tutor:icywind",
    "tutor:laserfocus",
    "tutor:liquidation",
    "tutor:outrage",
    "tutor:rest",
    "tutor:scaleshot",
    "tutor:signalbeam",
    "tutor:sleeptalk",
    "tutor:swift",
    "tutor:twister",
    "tutor:waterpulse"
  ],
  "preEvolution": "horsea",
  "evolutions": [
    {
      "id": "seadra_kingdra",
      "variant": "trade",
      "result": "kingdra",
      "consumeHeldItem": true,
      "learnableMoves": [],
      "requirements": [
        {
          "variant": "held_item",
          "itemCondition": "cobblemon:dragon_scale"
        }
      ]
    }
  ]
}