{
  "implemented": true,
  "nationalPokedexNumber": 904,
  "name": "Overqwil",
  "primaryType": "dark",
  "secondaryType": "poison",
  "maleRatio": 0.5,
  "height": 25,
  "weight": 605,
  "pokedex": [
    "cobblemon.species.overqwil.desc"
  ],
  "labels": [
    "gen8a"
  ],
  "aspects": [
    "hisuian"
  ],
  "abilities": [
    "poisonpoint",
    "swiftswim",
    "h:intimidate"
  ],
  "eggGroups": [
    "water_2"
  ],
  "baseStats": {
    "hp": 85,
    "attack": 115,
    "defence": 95,
    "special_attack": 65,
    "special_defence": 65,
    "speed": 85
  },
  "evYield": {
    "hp": 0,
    "attack": 2,
    "defence": 0,
    "special_attack": 0,
    "special_defence": 0,
    "speed": 0
  },
  "baseExperienceYield": 179,
  "experienceGroup": "medium_fast",
  "catchRate": 45,
  "eggCycles": 20,
  "baseFriendship": 50,
  "baseScale": 1,
  "hitbox": {
    "width": 1.2,
    "height": 2,
    "fixed": false
  },
  "behaviour": {
    "moving": {
      "walk": {
        "avoidsLand": true
      },
      "swim": {
        "swimSpeed": 0.3,
        "canBreatheUnderwater": true,
        "canSwimInWater": true,
        "canSwimInLava": false
      }
    },
    "resting": {
      "canSleep": true,
      "light": "0-4"
    }
  },
  "drops": {
    "amount": 4,
    "entries": [
      {
        "item": "minecraft:pufferfish"
      },
      {
        "item": "minecraft:prismarine_shard",
        "quantityRange": "6-12"
      },
      {
        "item": "cobblemon:poison_barb",
        "percentage": 5.0
      }
    ]
  },
  "moves": [
    "1:tackle",
    "1:poisonsting",
    "4:harden",
    "8:bite",
    "12:fellstinger",
    "16:minimize",
    "20:spikes",
    "24:brine",
    "28:barbbarrage",
    "32:pinmissile",
    "36:toxicspikes",
    "40:stockpile",
    "40:spitup",
    "44:toxic",
    "48:crunch",
    "52:acupressure",
    "56:destinybond",
    "egg:acidspray",
    "egg:aquajet",
    "egg:aquatail",
    "egg:astonish",
    "egg:bubblebeam",
    "egg:flail",
    "egg:haze",
    "egg:selfdestruct",
    "egg:supersonic",
    "egg:waterpulse",
    "tm:acidspray",
    "tm:agility",
    "tm:aquatail",
    "tm:blizzard",
    "tm:brine",
    "tm:chillingwater",
    "tm:crunch",
    "tm:curse",
    "tm:darkpulse",
    "tm:doubleedge",
    "tm:endure",
    "tm:facade",
    "tm:gigaimpact",
    "tm:gunkshot",
    "tm:gyroball",
    "tm:haze",
    "tm:hex",
    "tm:hydropump",
    "tm:hyperbeam",
    "tm:iceball",
    "tm:icebeam",
    "tm:icywind",
    "tm:lashout",
    "tm:liquidation",
    "tm:mudshot",
    "tm:painsplit",
    "tm:pinmissile",
    "tm:poisonjab",
    "tm:poisontail",
    "tm:protect",
    "tm:raindance",
    "tm:rest",
    "tm:reversal",
    "tm:scaleshot",
    "tm:scaryface",
    "tm:selfdestruct",
    "tm:shadowball",
    "tm:sleeptalk",
    "tm:sludgebomb",
    "tm:sludgewave",
    "tm:smartstrike",
    "tm:spikes",
    "tm:spite",
    "tm:substitute",
    "tm:surf",
    "tm:swift",
    "tm:swordsdance",
    "tm:takedown",
    "tm:taunt",
    "tm:terablast",
    "tm:throatchop",
    "tm:toxic",
    "tm:toxicspikes",
    "tm:venoshock",
    "tm:waterfall",
    "tm:waterpulse",
    "tutor:aquatail",
    "tutor:darkpulse",
    "tutor:gigaimpact",
    "tutor:gunkshot",
    "tutor:hyperbeam",
    "tutor:iceball",
    "tutor:icebeam",
    "tutor:icywind",
    "tutor:lashout",
    "tutor:liquidation",
    "tutor:painsplit",
    "tutor:poisonjab",
    "tutor:rest",
    "tutor:scaleshot",
    "tutor:shadowball",
    "tutor:sleeptalk",
    "tutor:sludgebomb",
    "tutor:spikes",
    "tutor:spite",
    "tutor:swift",
    "tutor:throatchop",
    "tutor:waterpulse"
  ],
  "preEvolution": "qwilfish hisuian",
  "evolutions": []
}